operation,size,tier,baseline_ns,enabled_ns,speedup,baseline_error_ns,enabled_error_ns,interval
aesCtr,64,int,14732.318417526869,495.3931103526146,29.738642120074278,1276.4106681003004,65.0452056146888,JMH 99.9%
aesCtr,64,c1,619.7866243960623,77.17000986425343,8.031444151507863,21.460784409111742,1.7548201362784916,JMH 99.9%
aesCtr,64,c2,25.996365523815868,27.725203892864247,0.9376437996370033,0.7236454043385039,3.059645178536335,JMH 99.9%
aesCtr,4096,int,891996.1994038776,835.4404350333953,1067.695747056128,51080.31630343857,75.41038174474438,JMH 99.9%
aesCtr,4096,c1,40026.16245020719,354.1264961196479,113.02786684643796,2224.199095948981,18.1112205463192,JMH 99.9%
aesCtr,4096,c2,303.18544887911634,303.7654845951954,0.9980905147375383,8.529591382604579,15.214954393661948,JMH 99.9%
chacha20,64,int,20988.510603140126,7739.469698387783,2.7118796792385225,838.095159263677,287.2111136958075,JMH 99.9%
chacha20,64,c1,208.34936647721935,51.57671472578355,4.039601350821673,4.0549497824810325,7.192381696150686,JMH 99.9%
chacha20,64,c2,45.646718229189105,45.4290866747726,1.0047905773667547,2.0634381013942367,2.1196472892670344,JMH 99.9%
chacha20,4096,int,1281808.8265130993,469229.4132185023,2.731731622962454,49358.36375947692,18894.619138449274,JMH 99.9%
chacha20,4096,c1,12860.664202732838,2065.2341441307517,6.227218467834231,424.15256168836754,184.5542713324354,JMH 99.9%
chacha20,4096,c2,1201.3462820410664,1206.3515711369162,0.995850886909251,65.61044228784064,50.473023855132325,JMH 99.9%
hashBytes,64,int,597.8934878736623,106.68551584174655,5.60426111413808,52.92937369362164,4.487739714392946,JMH 99.9%
hashBytes,64,c1,57.094646169536006,36.22679965370024,1.5760333983491777,1.5400063835574378,1.2236077599541777,JMH 99.9%
hashBytes,64,c2,8.589784321232308,8.56574382498104,1.002806585947756,0.19581159679979052,0.23720883336886744,95% across five fork means
hashBytes,4096,int,30789.23606169708,1610.1296980403683,19.122208663792467,2243.889396598534,76.64607724163116,JMH 99.9%
hashBytes,4096,c1,3547.6574336722606,1470.7773850034953,2.4120968066583575,96.96405746546152,26.91784603177579,JMH 99.9%
hashBytes,4096,c2,177.29798413793537,178.07496338716538,0.9956367855736086,3.242291522982319,2.2170260803334303,95% across five fork means
hashInts,64,int,238.35128741379395,102.04326532619146,2.335786557318411,14.921656751463077,10.699869374424466,JMH 99.9%
hashInts,64,c1,16.344660653132593,13.841293151325898,1.1808622557471726,0.6606307656832267,0.7907498393123142,JMH 99.9%
hashInts,64,c2,7.007468379065424,7.187239446235219,0.9749874665350182,0.17452810692411205,0.1510535579048934,95% across five fork means
hashInts,4096,int,8600.298256955377,472.3799106497438,18.206316702007786,741.1570420061378,35.30378453707659,JMH 99.9%
hashInts,4096,c1,909.8492715729317,382.5506824482498,2.3783757638336276,44.30141475928174,19.98605840281591,JMH 99.9%
hashInts,4096,c2,44.19280975130801,44.55618528554997,0.9918445546468313,1.2999072047820879,0.5925439973157116,95% across five fork means
modPow,64,int,459380.3299970853,35610.238658791604,12.900231711411784,15559.362226892508,3115.192347352793,JMH 99.9%
modPow,64,c1,18956.642224663905,3953.4181407467963,4.795000566543416,537.476227613943,203.18041778574002,JMH 99.9%
modPow,64,c2,2996.8899863300317,3060.299755785889,0.9792798828493932,91.76056735358478,416.593035772691,JMH 99.9%
modPow,4096,int,19543451.423594773,776148.9616643682,25.180026501209174,886969.3090526796,38234.781324014395,JMH 99.9%
modPow,4096,c1,886248.1329616021,135051.277369873,6.562308407749313,60024.80181781457,15870.589885253592,JMH 99.9%
modPow,4096,c2,211777.74359414566,188404.54138949016,1.1240585923899569,79624.92179155527,71064.512313215,JMH 99.9%
multiply,64,int,15275.401117752148,394.0512494436934,38.765011249976695,1160.2688735176714,6.451046471059234,JMH 99.9%
multiply,64,c1,513.9995889660535,125.98103087034376,4.079976052069679,30.807424754413,20.532044796353283,JMH 99.9%
multiply,64,c2,92.35490406095828,94.60491045697492,0.9762168117368504,1.01225299855228,3.19639626362453,JMH 99.9%
multiply,4096,int,824803.888995903,40661.64424244,20.284568033651375,96962.54297701486,8312.242453791714,JMH 99.9%
multiply,4096,c1,27368.236824288866,6141.63967890626,4.456177544619935,3370.6610902969537,769.603728890396,JMH 99.9%
multiply,4096,c2,4942.9227034490605,5375.996293249933,0.9194431011151111,519.2574422601922,1240.2754909642447,JMH 99.9%
sha256,64,int,67357.57569655942,4310.236275465156,15.627351122251474,8857.711221807689,190.45686200361234,JMH 99.9%
sha256,64,c1,1021.8603547898849,169.50009915384413,6.028671132884762,81.97167361395859,11.065262555211202,JMH 99.9%
sha256,64,c2,103.58235352972513,103.42305504993048,1.0015402608220936,3.1358713580320314,4.282223973547038,JMH 99.9%
sha256,4096,int,2158169.0300576827,6746.778910112766,319.88139211480564,969184.2984490698,173.08144625433061,JMH 99.9%
sha256,4096,c1,27984.43155386245,2602.8718321541623,10.751367473481112,333.8279549372706,102.27204935120362,JMH 99.9%
sha256,4096,c2,2388.3696032042035,2419.5771483518747,0.9871020665040878,17.534901972999698,40.549524878362156,JMH 99.9%
sha3,64,int,40677.36715349565,5146.972608764762,7.90316371301963,1329.634076379381,325.8216660567408,JMH 99.9%
sha3,64,c1,839.4271072123752,394.7309069158727,2.126580646473874,36.76348571810904,4.435133797348608,JMH 99.9%
sha3,64,c2,286.8156872819002,298.5953429078937,0.9605497677516452,4.2031245041012175,8.885248954366077,JMH 99.9%
sha3,4096,int,1082698.3961961048,13466.888603280102,80.3970707779074,43351.158034973814,309.32280646512896,JMH 99.9%
sha3,4096,c1,21817.52989790525,7933.888285962749,2.749916448471617,386.49888783271604,305.3790732860904,JMH 99.9%
sha3,4096,c2,7902.5774542324925,7960.1809687789,0.9927635420887618,395.5502715266739,341.2867742084199,JMH 99.9%
addExact,scalar,int,81.85585766158438,58.936846621335796,1.3888740635803145,11.358611240629124,10.288137631571367,JMH 99.9%
addExact,scalar,c1,2.29107655874417,0.637369560904658,3.5945810708191073,0.0931719275561769,0.0322617448850435,JMH 99.9%
addExact,scalar,c2,0.6110529045318691,0.6306329642216789,0.9689517345260007,0.05762328354984323,0.09537202910801001,JMH 99.9%
bitCount,scalar,int,150.07431721856025,58.54965498042944,2.5631972941381713,22.7318599910713,14.366517793552196,JMH 99.9%
bitCount,scalar,c1,3.4945198896230307,0.5714409794011847,6.115277020008177,0.1256046364159945,0.004658341990594581,JMH 99.9%
bitCount,scalar,c2,0.6190784861452908,0.577102434850989,1.0727358762662997,0.057669766361381464,0.0071162026532530075,JMH 99.9%
leadingZeros,scalar,int,98.12910247566882,49.30274359924242,1.990337561603299,14.42332058859136,5.558243303864993,JMH 99.9%
leadingZeros,scalar,c1,2.3450140511767654,0.5838392071544696,4.016540894206051,0.05591742398447064,0.034523636695794266,JMH 99.9%
leadingZeros,scalar,c2,0.6355372580845098,0.6320595659279588,1.0055021588850495,0.06817932842878392,0.1139620515928306,JMH 99.9%
multiplyHigh,scalar,int,144.2482418776862,47.86075462614566,3.0139149080379397,20.78856363713203,1.7186281070706648,JMH 99.9%
multiplyHigh,scalar,c1,3.5393689974411475,0.6462725466471172,5.476588810407479,0.17038541733022983,0.02716970746380454,JMH 99.9%
multiplyHigh,scalar,c2,0.5528520691452101,0.5423342036977733,1.0193936974207478,0.03448290169830821,0.018172447336769388,JMH 99.9%
reverseBits,scalar,int,173.43622520412885,52.077609850961736,3.3303414980156956,18.222687807809674,4.362725240104138,JMH 99.9%
reverseBits,scalar,c1,5.963416510649243,1.8065302276123902,3.3010333397691456,0.07401130060095222,0.029216064076877633,JMH 99.9%
reverseBits,scalar,c2,0.619211323230282,0.5985288504780123,1.0345555151364079,0.08744970869175876,0.025628544935882448,JMH 99.9%
unsignedDivide,scalar,int,107.18986404834433,50.284818674807454,2.1316545803126488,14.61144913935309,4.515588747198427,JMH 99.9%
unsignedDivide,scalar,c1,3.664816082924285,1.9838155876903076,1.8473572370661286,0.0290233959146549,0.039367484144251695,JMH 99.9%
unsignedDivide,scalar,c2,2.0049720873136674,2.0136609287000358,0.9956850524025523,0.03169175852568543,0.1046800408478515,JMH 99.9%
