# implementation=icelake; direct and bounded APIs at worst-case capacity; UTF16 includes prevalidation
operation,size,output_mod64,pair,bounded_ns,direct_ns,speedup
latin1_ascii,32,48,0,14.895,15.878,0.9381
latin1_ascii,32,48,1,14.909,15.142,0.9846
latin1_ascii,32,48,2,15.579,15.523,1.0037
latin1_ascii,32,48,3,15.286,15.352,0.9957
latin1_ascii,32,48,4,15.335,15.078,1.0171
latin1_ascii,32,0,0,8.046,5.846,1.3763
latin1_ascii,32,0,1,8.468,6.004,1.4105
latin1_ascii,32,0,2,8.168,6.074,1.3448
latin1_ascii,32,0,3,8.485,6.002,1.4136
latin1_ascii,32,0,4,7.754,5.424,1.4296
latin1_ascii,32,16,0,7.735,5.541,1.3960
latin1_ascii,32,16,1,7.804,5.439,1.4348
latin1_ascii,32,16,2,8.073,5.699,1.4166
latin1_ascii,32,16,3,9.114,5.467,1.6672
latin1_ascii,32,16,4,8.959,5.580,1.6054
latin1_ascii,32,32,0,7.579,5.410,1.4010
latin1_ascii,32,32,1,7.631,5.275,1.4465
latin1_ascii,32,32,2,7.959,5.454,1.4592
latin1_ascii,32,32,3,7.753,5.547,1.3977
latin1_ascii,32,32,4,7.711,5.564,1.3859
latin1_ascii,128,32,0,11.058,8.929,1.2384
latin1_ascii,128,32,1,10.932,8.839,1.2368
latin1_ascii,128,32,2,11.049,9.027,1.2239
latin1_ascii,128,32,3,11.228,8.864,1.2668
latin1_ascii,128,32,4,10.899,8.592,1.2686
latin1_ascii,128,48,0,10.979,8.673,1.2658
latin1_ascii,128,48,1,10.869,8.603,1.2635
latin1_ascii,128,48,2,10.853,8.687,1.2493
latin1_ascii,128,48,3,10.850,8.719,1.2444
latin1_ascii,128,48,4,10.950,8.697,1.2591
latin1_ascii,128,0,0,10.868,12.007,0.9052
latin1_ascii,128,0,1,11.270,9.324,1.2087
latin1_ascii,128,0,2,11.265,9.119,1.2353
latin1_ascii,128,0,3,11.469,9.073,1.2641
latin1_ascii,128,0,4,12.174,9.505,1.2808
latin1_ascii,128,16,0,12.038,9.478,1.2702
latin1_ascii,128,16,1,12.665,9.394,1.3483
latin1_ascii,128,16,2,12.710,9.365,1.3571
latin1_ascii,128,16,3,11.991,9.094,1.3185
latin1_ascii,128,16,4,11.775,9.300,1.2661
latin1_ascii,65536,16,0,1405.364,1485.110,0.9463
latin1_ascii,65536,16,1,1397.641,1364.352,1.0244
latin1_ascii,65536,16,2,1368.548,1328.289,1.0303
latin1_ascii,65536,16,3,1316.266,1355.078,0.9714
latin1_ascii,65536,16,4,1337.777,1305.531,1.0247
latin1_ascii,65536,32,0,1294.671,1308.687,0.9893
latin1_ascii,65536,32,1,1318.196,1308.207,1.0076
latin1_ascii,65536,32,2,1325.229,1293.036,1.0249
latin1_ascii,65536,32,3,1374.246,1325.476,1.0368
latin1_ascii,65536,32,4,1526.848,1357.584,1.1247
latin1_ascii,65536,48,0,1397.110,1396.351,1.0005
latin1_ascii,65536,48,1,1358.392,1341.554,1.0126
latin1_ascii,65536,48,2,1366.159,1382.283,0.9883
latin1_ascii,65536,48,3,1313.405,1341.284,0.9792
latin1_ascii,65536,48,4,1438.149,1393.349,1.0322
latin1_ascii,65536,0,0,1359.315,1290.981,1.0529
latin1_ascii,65536,0,1,1316.015,1271.440,1.0351
latin1_ascii,65536,0,2,1265.026,1281.139,0.9874
latin1_ascii,65536,0,3,1253.075,1276.230,0.9819
latin1_ascii,65536,0,4,1337.951,1269.201,1.0542
latin1_accent,32,48,0,15.113,15.350,0.9846
latin1_accent,32,48,1,15.016,15.636,0.9603
latin1_accent,32,48,2,15.389,14.738,1.0442
latin1_accent,32,48,3,15.253,15.482,0.9852
latin1_accent,32,48,4,14.724,15.268,0.9643
latin1_accent,32,0,0,8.260,5.931,1.3926
latin1_accent,32,0,1,7.870,5.472,1.4382
latin1_accent,32,0,2,8.112,5.725,1.4169
latin1_accent,32,0,3,8.121,6.049,1.3425
latin1_accent,32,0,4,7.928,5.352,1.4813
latin1_accent,32,16,0,7.547,5.402,1.3972
latin1_accent,32,16,1,7.746,5.331,1.4530
latin1_accent,32,16,2,7.665,5.456,1.4049
latin1_accent,32,16,3,7.989,5.711,1.3990
latin1_accent,32,16,4,7.832,5.717,1.3700
latin1_accent,32,32,0,8.038,5.814,1.3825
latin1_accent,32,32,1,7.723,5.402,1.4297
latin1_accent,32,32,2,7.938,5.488,1.4465
latin1_accent,32,32,3,8.102,5.786,1.4004
latin1_accent,32,32,4,8.403,5.710,1.4716
latin1_accent,128,32,0,13.803,10.764,1.2824
latin1_accent,128,32,1,14.610,11.554,1.2645
latin1_accent,128,32,2,14.260,12.041,1.1843
latin1_accent,128,32,3,13.723,11.003,1.2471
latin1_accent,128,32,4,13.951,11.567,1.2062
latin1_accent,128,48,0,13.511,11.201,1.2062
latin1_accent,128,48,1,13.583,11.006,1.2341
latin1_accent,128,48,2,14.197,10.973,1.2938
latin1_accent,128,48,3,13.158,11.243,1.1704
latin1_accent,128,48,4,13.242,11.038,1.1996
latin1_accent,128,0,0,13.196,11.035,1.1959
latin1_accent,128,0,1,13.914,10.976,1.2676
latin1_accent,128,0,2,13.209,11.195,1.1799
latin1_accent,128,0,3,13.490,11.540,1.1689
latin1_accent,128,0,4,13.407,11.034,1.2151
latin1_accent,128,16,0,13.233,11.342,1.1668
latin1_accent,128,16,1,14.016,12.436,1.1271
latin1_accent,128,16,2,13.247,10.910,1.2142
latin1_accent,128,16,3,13.542,10.934,1.2385
latin1_accent,128,16,4,13.129,10.897,1.2048
latin1_accent,65536,16,0,3550.814,3443.834,1.0311
latin1_accent,65536,16,1,3368.386,3359.866,1.0025
latin1_accent,65536,16,2,3315.779,3357.568,0.9876
latin1_accent,65536,16,3,3457.951,3396.598,1.0181
latin1_accent,65536,16,4,3319.867,3379.631,0.9823
latin1_accent,65536,32,0,3155.822,3062.710,1.0304
latin1_accent,65536,32,1,3106.135,3089.602,1.0054
latin1_accent,65536,32,2,3070.033,3103.308,0.9893
latin1_accent,65536,32,3,3109.681,3083.583,1.0085
latin1_accent,65536,32,4,3224.775,3117.931,1.0343
latin1_accent,65536,48,0,3276.772,3286.595,0.9970
latin1_accent,65536,48,1,3299.339,3311.838,0.9962
latin1_accent,65536,48,2,3499.855,3284.569,1.0655
latin1_accent,65536,48,3,3439.572,3367.603,1.0214
latin1_accent,65536,48,4,3414.578,3444.431,0.9913
latin1_accent,65536,0,0,3372.989,3117.494,1.0820
latin1_accent,65536,0,1,3166.650,3140.011,1.0085
latin1_accent,65536,0,2,3167.944,3087.336,1.0261
latin1_accent,65536,0,3,3167.072,3173.769,0.9979
latin1_accent,65536,0,4,3209.183,3134.143,1.0239
utf16_bmp,32,48,0,26.700,25.067,1.0652
utf16_bmp,32,48,1,26.722,25.111,1.0642
utf16_bmp,32,48,2,27.039,24.754,1.0923
utf16_bmp,32,48,3,26.454,24.201,1.0931
utf16_bmp,32,48,4,26.302,24.120,1.0905
utf16_bmp,32,0,0,26.271,24.187,1.0862
utf16_bmp,32,0,1,26.309,24.873,1.0577
utf16_bmp,32,0,2,26.911,24.216,1.1113
utf16_bmp,32,0,3,27.023,24.495,1.1032
utf16_bmp,32,0,4,26.436,24.214,1.0917
utf16_bmp,32,16,0,26.307,27.125,0.9698
utf16_bmp,32,16,1,25.933,25.606,1.0128
utf16_bmp,32,16,2,26.148,23.758,1.1006
utf16_bmp,32,16,3,26.322,24.080,1.0931
utf16_bmp,32,16,4,26.114,23.916,1.0919
utf16_bmp,32,32,0,26.175,24.691,1.0601
utf16_bmp,32,32,1,26.873,23.984,1.1204
utf16_bmp,32,32,2,27.854,25.160,1.1071
utf16_bmp,32,32,3,26.269,24.192,1.0858
utf16_bmp,32,32,4,26.155,24.430,1.0706
utf16_bmp,128,32,0,65.561,61.345,1.0687
utf16_bmp,128,32,1,65.380,61.293,1.0667
utf16_bmp,128,32,2,65.696,61.014,1.0768
utf16_bmp,128,32,3,65.299,60.903,1.0722
utf16_bmp,128,32,4,65.128,61.260,1.0631
utf16_bmp,128,48,0,65.106,61.231,1.0633
utf16_bmp,128,48,1,66.082,61.206,1.0797
utf16_bmp,128,48,2,65.489,61.713,1.0612
utf16_bmp,128,48,3,65.604,61.394,1.0686
utf16_bmp,128,48,4,67.290,63.432,1.0608
utf16_bmp,128,0,0,66.492,61.902,1.0741
utf16_bmp,128,0,1,68.914,62.612,1.1006
utf16_bmp,128,0,2,73.116,66.094,1.1062
utf16_bmp,128,0,3,71.727,68.417,1.0484
utf16_bmp,128,0,4,73.557,65.454,1.1238
utf16_bmp,128,16,0,68.902,65.013,1.0598
utf16_bmp,128,16,1,71.559,66.608,1.0743
utf16_bmp,128,16,2,70.411,67.099,1.0494
utf16_bmp,128,16,3,72.253,65.207,1.1080
utf16_bmp,128,16,4,68.671,66.081,1.0392
utf16_bmp,65536,48,0,23691.695,23905.098,0.9911
utf16_bmp,65536,48,1,23576.936,23549.402,1.0012
utf16_bmp,65536,48,2,25180.479,24275.918,1.0373
utf16_bmp,65536,48,3,24041.165,24319.772,0.9885
utf16_bmp,65536,48,4,24185.248,24110.600,1.0031
utf16_bmp,65536,0,0,23943.938,23830.365,1.0048
utf16_bmp,65536,0,1,24385.544,25068.455,0.9728
utf16_bmp,65536,0,2,23040.348,22946.370,1.0041
utf16_bmp,65536,0,3,23476.178,23017.994,1.0199
utf16_bmp,65536,0,4,23749.857,24504.252,0.9692
utf16_bmp,65536,16,0,23281.236,23321.787,0.9983
utf16_bmp,65536,16,1,23144.736,23261.953,0.9950
utf16_bmp,65536,16,2,24741.150,22986.064,1.0764
utf16_bmp,65536,16,3,22970.315,22920.438,1.0022
utf16_bmp,65536,16,4,22793.636,23178.597,0.9834
utf16_bmp,65536,32,0,22561.436,22936.938,0.9836
utf16_bmp,65536,32,1,23057.285,22746.884,1.0136
utf16_bmp,65536,32,2,23140.619,22789.990,1.0154
utf16_bmp,65536,32,3,22736.386,22914.465,0.9922
utf16_bmp,65536,32,4,22555.634,22794.827,0.9895
utf16_supplementary,32,48,0,33.486,29.026,1.1537
utf16_supplementary,32,48,1,33.270,29.220,1.1386
utf16_supplementary,32,48,2,34.053,29.309,1.1619
utf16_supplementary,32,48,3,33.137,28.933,1.1453
utf16_supplementary,32,48,4,33.054,31.929,1.0352
utf16_supplementary,32,0,0,34.008,29.261,1.1622
utf16_supplementary,32,0,1,33.457,28.918,1.1570
utf16_supplementary,32,0,2,33.411,28.591,1.1686
utf16_supplementary,32,0,3,33.080,29.288,1.1295
utf16_supplementary,32,0,4,33.108,28.918,1.1449
utf16_supplementary,32,16,0,33.712,29.164,1.1559
utf16_supplementary,32,16,1,33.408,29.278,1.1411
utf16_supplementary,32,16,2,33.803,29.077,1.1625
utf16_supplementary,32,16,3,33.108,28.724,1.1526
utf16_supplementary,32,16,4,32.983,29.205,1.1294
utf16_supplementary,32,32,0,34.323,28.943,1.1859
utf16_supplementary,32,32,1,35.000,29.432,1.1892
utf16_supplementary,32,32,2,33.055,28.594,1.1560
utf16_supplementary,32,32,3,33.353,28.544,1.1685
utf16_supplementary,32,32,4,33.295,29.560,1.1263
utf16_supplementary,128,32,0,80.061,76.740,1.0433
utf16_supplementary,128,32,1,82.414,77.948,1.0573
utf16_supplementary,128,32,2,79.115,73.989,1.0693
utf16_supplementary,128,32,3,83.792,83.361,1.0052
utf16_supplementary,128,32,4,82.532,77.183,1.0693
utf16_supplementary,128,48,0,84.042,74.209,1.1325
utf16_supplementary,128,48,1,93.805,79.369,1.1819
utf16_supplementary,128,48,2,86.317,78.279,1.1027
utf16_supplementary,128,48,3,82.766,75.553,1.0955
utf16_supplementary,128,48,4,80.360,75.914,1.0586
utf16_supplementary,128,0,0,81.189,75.320,1.0779
utf16_supplementary,128,0,1,80.558,74.982,1.0744
utf16_supplementary,128,0,2,88.901,75.869,1.1718
utf16_supplementary,128,0,3,86.680,82.560,1.0499
utf16_supplementary,128,0,4,88.182,86.148,1.0236
utf16_supplementary,128,16,0,88.748,85.438,1.0387
utf16_supplementary,128,16,1,92.483,85.854,1.0772
utf16_supplementary,128,16,2,88.980,86.366,1.0303
utf16_supplementary,128,16,3,85.598,86.763,0.9866
utf16_supplementary,128,16,4,88.764,108.544,0.8178
utf16_supplementary,65536,48,0,46894.324,43291.405,1.0832
utf16_supplementary,65536,48,1,47204.032,42690.072,1.1057
utf16_supplementary,65536,48,2,51495.193,45246.023,1.1381
utf16_supplementary,65536,48,3,47176.230,42716.015,1.1044
utf16_supplementary,65536,48,4,47803.492,42232.334,1.1319
utf16_supplementary,65536,0,0,43960.303,43654.230,1.0070
utf16_supplementary,65536,0,1,43511.986,44074.558,0.9872
utf16_supplementary,65536,0,2,44309.223,42743.970,1.0366
utf16_supplementary,65536,0,3,45559.153,42708.350,1.0668
utf16_supplementary,65536,0,4,42339.733,47937.310,0.8832
utf16_supplementary,65536,16,0,41039.271,40686.280,1.0087
utf16_supplementary,65536,16,1,53304.621,47746.077,1.1164
utf16_supplementary,65536,16,2,44669.308,43604.752,1.0244
utf16_supplementary,65536,16,3,48172.246,44635.087,1.0792
utf16_supplementary,65536,16,4,43216.981,42649.052,1.0133
utf16_supplementary,65536,32,0,41448.942,44984.464,0.9214
utf16_supplementary,65536,32,1,42326.150,43842.605,0.9654
utf16_supplementary,65536,32,2,40823.919,40760.976,1.0015
utf16_supplementary,65536,32,3,41961.053,40235.739,1.0429
utf16_supplementary,65536,32,4,47378.233,42725.484,1.1089
# output equality, canaries and detailed partial-consumption checks passed
