benchmark,size,tier,baseline_ns,enabled_ns,speedup,baseline_ci_low,baseline_ci_high,enabled_ci_low,enabled_ci_high
asciiDecode,32,c2,10.221339341522695,10.683925433699264,0.9567026094437651,9.31358937777318,11.12908930527221,9.189982531940808,12.177868335457719
asciiDecode,32,c1,35.62072267193975,37.12976802344933,0.9593575335413747,33.24064206842718,38.00080327545233,34.934183647103076,39.325352399795584
asciiDecode,32,interpreter,652.9779156053469,677.5073518962888,0.9637945828598229,549.5475637066303,756.4082675040635,579.0808287639416,775.9338750286361
asciiDecode,4096,c2,202.35604921838745,273.5709140497756,0.7396840776047165,125.68207804278379,279.0300203939911,169.35222951881383,377.78959858073733
asciiDecode,4096,c1,2575.5270399276815,306.20621092743795,8.411086868966244,2421.7390728630053,2729.3150069923577,193.6691548420214,418.7432670128545
asciiDecode,4096,interpreter,36771.626225307074,1064.2757056107534,34.55084620596975,32752.58138832088,40790.671062293266,988.028799798903,1140.5226114226039
asciiDecode,65536,c2,6508.309404762683,6800.92187067633,0.9569745879341284,5736.722937777658,7279.895871747707,5701.523551343338,7900.320190009323
asciiDecode,65536,c1,45486.20061630893,6306.5621636534415,7.212519188102067,44680.57947208038,46291.82176053748,5886.480584310816,6726.643742996067
asciiDecode,65536,interpreter,600435.8203967521,7426.974922746267,80.84527370057813,522815.49095245346,678056.1498410507,7357.428308953219,7496.521536539315
asciiEncode,32,c2,7.17795196137228,7.428780222717925,0.9662356061391361,6.53986558540172,7.81603833734284,6.889045074066209,7.968515371369641
asciiEncode,32,c1,30.45161494148318,32.19125847575688,0.9459591324898396,29.398922349429494,31.504307533536863,31.646369632722138,32.73614731879162
asciiEncode,32,interpreter,542.6331064253542,585.5658056473858,0.9266816832404235,495.5612697640096,589.7049430866988,559.7925520383027,611.3390592564689
asciiEncode,4096,c2,194.543536061508,238.57692157385898,0.8154331725723142,174.64057126638116,214.44650085663486,83.43255853189424,393.7212846158237
asciiEncode,4096,c1,2674.441311296117,300.0437389146531,8.913504814232624,2515.3562381672955,2833.5263844249384,282.046994019916,318.0404838093902
asciiEncode,4096,interpreter,35649.939257685306,987.8852452618574,36.08712593762409,31310.635152602783,39989.243362767826,964.9313199865552,1010.8391705371597
asciiEncode,65536,c2,6503.031597328194,6582.937448027481,0.9878616724934505,6061.317455619359,6944.745739037029,6005.882259854873,7159.992636200089
asciiEncode,65536,c1,46148.2692657722,6210.915268229673,7.430188188499642,44682.25839152769,47614.28014001671,6109.299370180073,6312.531166279272
asciiEncode,65536,interpreter,582105.509141642,7553.721746779966,77.06207994619136,525777.3808092318,638433.6374740523,6990.258090330172,8117.185403229761
asciiValidation,32,c2,22.11303046303682,22.87305973481045,0.9667718582216204,21.502538413928832,22.72352251214481,14.07841491547413,31.66770455414677
asciiValidation,32,c1,114.82529205726057,112.50865162633139,1.0205907758864918,112.73990386087506,116.91068025364608,111.02640839960492,113.99089485305785
asciiValidation,32,interpreter,3257.266337047562,3245.910158607425,1.0034986114480167,3112.3873052020344,3402.1453688930897,3082.8078359117517,3409.012481303098
asciiValidation,4096,c2,2349.8278808398713,62.93722924812265,37.33605544622802,2272.3048122225955,2427.350949457147,42.22295093877161,83.65150755747368
asciiValidation,4096,c1,14362.869734249563,41.80193827604942,343.59339127771557,12731.491899839997,15994.24756865913,41.56539844257823,42.03847810952061
asciiValidation,4096,interpreter,401586.4549601842,617.9380774119302,649.8813872129754,349431.0031211582,453741.9067992101,600.6305064366427,635.2456483872177
asciiValidation,65536,c2,37454.72725212507,1004.2350027319831,37.29677530680659,35526.875294148536,39382.579210101605,583.0711841589994,1425.3988213049668
asciiValidation,65536,c1,223942.92280741513,598.042437511173,374.45991916456813,218076.10504029976,229809.7405745305,590.0923297304907,605.9925452918553
asciiValidation,65536,interpreter,6359539.741787584,1399.763039612993,4543.297373779687,6075263.34686392,6643816.136711247,1366.6914835647444,1432.8345956612416
base64Decode,32,c2,11.692296659294346,11.803525978264743,0.9905766023495677,10.545750858501256,12.838842460087436,10.830602237454407,12.776449719075078
base64Decode,32,c1,66.88990083289524,67.55607221912834,0.9901389858179991,66.0001673730935,67.77963429269697,66.17393523936578,68.9382091988909
base64Decode,32,interpreter,1443.1853379899512,1457.4454281360734,0.9902156953043797,1168.4376258416823,1717.93305013822,1320.4943751805392,1594.3964810916075
base64Decode,4096,c2,100.87775414468958,109.42185677629222,0.9219159418116012,95.3003375269702,106.45517076240895,82.45931898015014,136.3843945724343
base64Decode,4096,c1,5882.400771075747,2784.643945819068,2.1124426984310603,5768.004888552051,5996.796653599443,2748.5816392195234,2820.7062524186126
base64Decode,4096,interpreter,114871.13846358837,3233.694656380817,35.52318653120864,107295.28834375685,122446.9885834199,3127.2690901510514,3340.1202226105825
base64Decode,65536,c2,1584.8444965528065,1639.3514395127277,0.9667509103623794,1548.4244603420261,1621.2645327635869,1541.766859968756,1736.9360190566993
base64Decode,65536,c1,93512.3181158571,44040.11238356915,2.1233442208641016,92219.65394418959,94804.9822875246,42496.25266786698,45583.97209927131
base64Decode,65536,interpreter,1832211.8696671054,44708.92910463916,40.98089366844147,1750478.2803767594,1913945.4589574514,42419.65847781961,46998.199731458706
base64Encode,32,c2,28.54776882413769,29.543890609887665,0.9662833240583217,27.46960233471119,29.62593531356419,27.604530507713722,31.483250712061608
base64Encode,32,c1,58.2434270627184,58.9524044542548,0.9879737324015929,56.72659638010408,59.76025774533273,56.24634935758852,61.65845955092107
base64Encode,32,interpreter,1276.9226231257885,1284.988554667171,0.9937229545647808,1215.9765708978919,1337.8686753536851,1177.6199851455938,1392.3571241887482
base64Encode,4096,c2,102.90736892651826,99.70536113065128,1.032114700348672,96.98477959073087,108.82995826230565,66.73870571635646,132.6720165449461
base64Encode,4096,c1,5540.303725366871,112.06389583900132,49.43879278770079,5169.935786408838,5910.671664324904,100.80738972391565,123.32040195408699
base64Encode,4096,interpreter,140835.23137916496,506.34802139173405,278.13919563084136,108078.27445877262,173592.1882995573,461.14658054624897,551.5494622372191
base64Encode,65536,c2,1581.3603582301512,1590.5156590318259,0.9942438159915712,1552.5617754276475,1610.1589410326549,1533.765052962956,1647.2662651006958
base64Encode,65536,c1,86324.85921382245,1682.7503396931024,51.29986140996189,84894.00114896812,87755.71727867678,1538.490083480987,1827.0105959052178
base64Encode,65536,interpreter,2326049.507912021,2180.8743341360737,1066.567418169675,1809585.5214706426,2842513.4943533996,1659.2739084489262,2702.474759823221
base64StreamEncode,32,c2,39.67280308221595,28.74679035988825,1.3800776568633304,38.7945371139067,40.5510690505252,27.415305186451295,30.078275533325208
base64StreamEncode,32,c1,57.38208181822823,58.592656526736214,0.9793391394029798,56.00860577216542,58.75555786429104,57.09265558042129,60.09265747305114
base64StreamEncode,32,interpreter,1422.3377825112916,1450.5444528775329,0.9805544254019337,1227.3058397526563,1617.369725269927,1367.2400526288145,1533.8488531262512
base64StreamEncode,4096,c2,3401.651220845801,83.93891123443633,40.525319792928855,2973.5765455463234,3829.725896145279,79.00670742752406,88.8711150413486
base64StreamEncode,4096,c1,5836.519068450656,106.13371690279513,54.9921291628386,5676.478626295962,5996.55951060535,94.65507689668915,117.6123569089011
base64StreamEncode,4096,interpreter,154333.8741595296,614.4463789449544,251.17549626467195,128073.51976025075,180594.22855880845,581.7074457194603,647.1853121704485
base64StreamEncode,65536,c2,53642.63457363476,1401.9993124439789,38.26152701895723,52625.94412916357,54659.32501810595,1353.5402680278648,1450.4583568600929
base64StreamEncode,65536,c1,97253.14079731349,1449.6196663328108,67.08872889627702,76530.55371989218,117975.7278747348,1392.736942210597,1506.5023904550246
base64StreamEncode,65536,interpreter,2280326.2050104574,4484.82017962349,508.4543222872083,1897993.100243758,2662659.309777157,4329.75432730903,4639.88603193795
charsetDecode,32,c2,87.5183513690815,86.32635959216601,1.0138079699242137,79.04898683172232,95.98771590644068,79.75781970943036,92.89489947490166
charsetDecode,32,c1,198.16705776008266,209.5463882315386,0.9456954110853854,178.3277087605787,218.0064067595866,204.9009502920801,214.1918261709971
charsetDecode,32,interpreter,4326.436810675688,4289.015743780965,1.0087248611640056,3863.023455197118,4789.850166154259,4054.301044486221,4523.7304430757085
charsetDecode,4096,c2,8765.73214401989,3219.7639245405876,2.7224766627170127,8151.159926493352,9380.304361546428,3028.4189665584827,3411.1088825226925
charsetDecode,4096,c1,21006.71549480281,3209.234751229277,6.5457085950961735,20495.701976993016,21517.729012612606,3159.884756530802,3258.5847459277525
charsetDecode,4096,interpreter,411882.32116248755,4060.417925493938,101.43840577996248,341706.2003985051,482058.44192647,4011.439204989828,4109.396645998048
charsetDecode,65536,c2,146227.4897061702,53703.6820854881,2.722857800949258,114197.2014224751,178257.77798986528,48471.33800693251,58936.026164043695
charsetDecode,65536,c1,334990.89603122236,50445.62007398714,6.640633925004804,328615.6280919609,341366.1639704838,49799.28886622148,51091.9512817528
charsetDecode,65536,interpreter,6210705.525376803,51616.44734831045,120.32415721032952,5760366.167615048,6661044.883138559,51052.168674094115,52180.72602252679
charsetEncode,32,c2,72.84081166175592,65.43484798434217,1.1131807271743936,69.1435466751495,76.53807664836235,49.15456491836395,81.7151310503204
charsetEncode,32,c1,137.9396408914574,136.96403838303536,1.0071230559491364,134.4227368907235,141.4565448921913,131.78350352362614,142.14457324244458
charsetEncode,32,interpreter,3099.443401181144,2999.5295610604558,1.0333098367883278,2730.140708507079,3468.746093855209,2696.193722198832,3302.8653999220796
charsetEncode,4096,c2,5882.686073705946,1643.0238358423665,3.5804021496072425,5653.53805369364,6111.834093718252,1391.77630375444,1894.2713679302929
charsetEncode,4096,c1,14066.902319330075,1570.1011410783901,8.959233231095244,13429.79440090324,14704.01023775691,1449.1949697117832,1691.007312444997
charsetEncode,4096,interpreter,246908.6701525362,2393.7511792236355,103.14717431601056,229744.78941128665,264072.5508937857,2304.659279934104,2482.8430785131673
charsetEncode,65536,c2,93517.22874300198,23249.444112616402,4.022342568279062,89270.4934342412,97763.96405176276,20540.031370167442,25958.85685506536
charsetEncode,65536,c1,222300.35026161146,22951.411018870607,9.685694272950649,219900.20976029738,224700.49076292553,21320.5246176096,24582.297420131614
charsetEncode,65536,interpreter,3979619.168693687,25019.58971352614,159.06012905328407,3602911.287988579,4356327.049398795,24776.675955334133,25262.503471718148
encodedLength,32,c2,18.712668000664728,18.872596679473503,0.9915258784191198,17.640617170405527,19.78471883092393,17.008087057445138,20.737106301501868
encodedLength,32,c1,70.97464428827594,65.35068970354156,1.0860580754426161,68.0209947710832,73.92829380546868,62.723123495421035,67.97825591166209
encodedLength,32,interpreter,2179.085771931843,2181.4961945699415,0.9988950598932519,1802.2076778957671,2555.9638659679185,1617.9108748620301,2745.081514277853
encodedLength,4096,c2,1882.6211657571628,253.76446206849164,7.418773891393188,1805.8725699329443,1959.3697615813812,240.75235878763075,266.7765653493525
encodedLength,4096,c1,8231.439816339518,263.0202460910346,31.295841056625402,7233.488092343272,9229.391540335764,254.93985308662712,271.1006390954421
encodedLength,4096,interpreter,247007.11686465962,438.2160404634538,563.665165253711,227970.10488156317,266044.1288477561,418.81159561579557,457.620485311112
encodedLength,65536,c2,30460.33805445824,3883.8211579083318,7.842878653779964,28152.146099119294,32768.530009797185,3674.9884214136937,4092.65389440297
encodedLength,65536,c1,130387.21901678115,3929.931934677041,33.17798404248858,128016.95470694514,132757.48332661716,3857.0391095077243,4002.824759846358
encodedLength,65536,interpreter,3972918.0121205286,4188.783443283313,948.4658411957478,3037451.409962858,4908384.614278199,4075.6059487007433,4301.960937865883
latin1Encode,32,c2,41.61554787379471,41.83938784138063,0.994650018101734,39.03072570361709,44.200370043972335,38.82628869193108,44.85248699083017
latin1Encode,32,c1,63.668642231703416,70.61812359206421,0.9015906822941732,62.582219990240205,64.75506447316663,66.77109324602893,74.46515393809949
latin1Encode,32,interpreter,1485.8300382838884,1547.8637839734859,0.9599229943022816,1345.7094682255874,1625.9506083421893,1383.4747888984186,1712.252779048553
latin1Encode,4096,c2,3929.3560459179876,1211.884001446447,3.242353262546659,3625.955340643619,4232.756751192356,845.1824010687908,1578.5856018241032
latin1Encode,4096,c1,7653.956633150359,1950.5578764793486,3.9239833513504028,7504.902290773511,7803.010975527208,1790.967893590224,2110.147859368473
latin1Encode,4096,interpreter,147489.8064492377,2902.180657267162,50.82033955395507,139404.05703096674,155575.55586750864,2779.693504603063,3024.667809931261
latin1Encode,65536,c2,67321.57518113375,25244.145621097912,2.6668193169060723,64479.10417051318,70164.04619175433,24504.949461235137,25983.341780960687
latin1Encode,65536,c1,113174.34531398046,23440.54356410429,4.828145089915498,111229.17819825391,115119.51242970701,22047.59634655105,24833.49078165753
latin1Encode,65536,interpreter,2404904.288018055,24993.341561385783,96.22179899840141,2230323.051886265,2579485.5241498444,22240.67211207499,27746.011010696577
supplementaryDecode,32,c2,83.79081916861392,82.8808366994885,1.0109794073680127,77.70009606168101,89.88154227554683,59.17323437519381,106.5884390237832
supplementaryDecode,32,c1,139.9812601142867,142.07282039336803,0.9852782518620362,134.3885207744025,145.5739994541709,137.24034285941565,146.90529792732042
supplementaryDecode,32,interpreter,4505.688552508177,4888.084193874706,0.9217698332926196,4133.607134818186,4877.769970198168,4700.494640361934,5075.673747387478
supplementaryDecode,4096,c2,9055.671203025402,5172.24921895575,1.7508188062240542,8082.187376399715,10029.15502965109,4740.553631342098,5603.944806569401
supplementaryDecode,4096,c1,18110.41366402341,7194.522321159057,2.5172503267883077,17520.19606569809,18700.631262348732,6984.72914119343,7404.3155011246845
supplementaryDecode,4096,interpreter,452068.13479176036,8231.822140485769,54.91714071036566,428976.62101497303,475159.6485685477,7863.499032277056,8600.145248694482
supplementaryDecode,65536,c2,161245.18165839426,91011.14621470013,1.7717080639552467,131772.02978697518,190718.33352981333,82651.94755877247,99370.34487062778
supplementaryDecode,65536,c1,257895.31773581525,87252.40173304873,2.9557388978798946,247383.73962565078,268406.89584597974,86214.75837141373,88290.04509468372
supplementaryDecode,65536,interpreter,7209658.921962924,91992.68743455982,78.37208720629678,6875129.01015776,7544188.833768088,86003.01772511489,97982.35714400475
supplementaryEncode,32,c2,51.47400436536155,53.355214277633095,0.9647417794541562,49.29197329649845,53.656035434224655,47.7593668301061,58.95106172516009
supplementaryEncode,32,c1,106.76090239670316,103.82265385865816,1.0283006495099332,102.9198150207516,110.60198977265472,99.55088646364241,108.0944212536739
supplementaryEncode,32,interpreter,4135.296307935021,4084.1765980036853,1.0125165278005663,3885.1818076127183,4385.410808257324,3634.1666185426875,4534.186577464683
supplementaryEncode,4096,c2,6696.526424627134,3374.0171426305237,1.9847339659354084,5950.892447659334,7442.160401594933,3149.662475193747,3598.3718100673004
supplementaryEncode,4096,c1,14891.290957006928,5103.077039617281,2.9181003620756116,13944.280725336655,15838.3011886772,4955.990775896889,5250.163303337673
supplementaryEncode,4096,interpreter,461509.9131642493,4850.905881172546,95.1389131163053,436163.9415814224,486855.88474707614,4690.863880163556,5010.947882181536
supplementaryEncode,65536,c2,122418.87780304275,57604.45190143894,2.125163485844829,107471.93662004897,137365.81898603652,56663.20839563556,58545.69540724232
supplementaryEncode,65536,c1,212493.19788414694,60973.89194785913,3.4849866245352548,207244.5909598243,217741.80480846958,56908.153190447425,65039.63070527083
supplementaryEncode,65536,interpreter,7365825.084644793,60183.16494620248,122.39012506618882,6875234.267591198,7856415.901698387,53702.219374168366,66664.11051823659
unicodeValidation,32,c2,89.71601949497342,89.9238683260489,0.9976886133243084,57.90396072245798,121.52807826748887,59.49675463337063,120.35098201872718
unicodeValidation,32,c1,162.98458454684223,171.45933964682956,0.9505727998402212,160.24791790163837,165.72125119204608,166.073371836266,176.84530745739312
unicodeValidation,32,interpreter,5233.65654478107,5324.366435689162,0.9829632516837937,4880.618298616795,5586.694790945345,4955.011567929914,5693.72130344841
unicodeValidation,4096,c2,9465.31851396038,84.13808208648686,112.4974361102126,8485.570158267397,10445.066869653361,78.27810231622523,89.99806185674849
unicodeValidation,4096,c1,19866.22997711134,91.44927299536755,217.23770267826714,19348.07326299735,20384.38669122533,90.88272910917853,92.01581688155657
unicodeValidation,4096,interpreter,643207.6514041803,461.6171541095263,1393.3790061267277,620917.8881711912,665497.4146371695,434.50294502080544,488.7313631982472
unicodeValidation,65536,c2,137490.89504925846,1198.2886558240186,114.73937801298058,125311.22661978625,149670.56347873065,1162.9358318895315,1233.6414797585057
unicodeValidation,65536,c1,315886.60989394353,1207.0209026076004,261.70765494741187,305235.8278301249,326537.3919577622,1120.9070245362443,1293.1347806789565
unicodeValidation,65536,interpreter,10171338.10250896,1738.7963266746374,5849.643196544557,9983414.663512906,10359261.541505015,1637.8599093138355,1839.7327440354393
utf16CharsetDecode,32,c2,96.06108083510195,97.4130506340131,0.9861212661947053,90.1161018108045,102.0060598593994,80.1842975862977,114.6418036817285
utf16CharsetDecode,32,c1,240.4391943603853,241.6798880101481,0.9948663760978295,237.38813701242412,243.49025170834648,229.80331926702308,253.5564567532731
utf16CharsetDecode,32,interpreter,7994.776823914281,7818.017722122151,1.0226091968673805,7328.104748158729,8661.448899669831,7478.231896027302,8157.803548217
utf16CharsetDecode,4096,c2,8154.981933699075,166.21773312310012,49.062045189002376,7036.884879094316,9273.078988303834,152.53683861260288,179.89862763359736
utf16CharsetDecode,4096,c1,29047.472826280955,174.25414204162965,166.69602504680466,28466.66245678408,29628.28319577783,169.00322140505833,179.50506267820097
utf16CharsetDecode,4096,interpreter,979185.7459755316,940.7276377722715,1040.8812356085684,948551.7327099337,1009819.7592411296,895.3992805253968,986.0559950191462
utf16CharsetDecode,65536,c2,127854.00518144856,3532.9350457642868,36.18917515473021,121666.94012287112,134041.070240026,3196.799837064113,3869.0702544644605
utf16CharsetDecode,65536,c1,467918.46464850043,3504.6712394493134,133.51279839932266,446752.41123352107,489084.5180634798,3342.0692729403845,3667.273205958242
utf16CharsetDecode,65536,interpreter,15745312.256578948,4414.223505710407,3566.9494841414835,14928458.448606882,16562166.064551014,3716.0081673075847,5112.43884411323
utf16CharsetEncode,32,c2,150.8018891444838,149.08934513700336,1.0114866961546227,138.71174393288422,162.89203435608337,137.32781653224708,160.85087374175964
utf16CharsetEncode,32,c1,278.78788986200897,276.39791062872183,1.0086468787982177,264.5716621320552,293.0041175919627,250.80950749616017,301.9863137612835
utf16CharsetEncode,32,interpreter,7727.830160994004,7812.499847048356,0.9891622799728641,7262.0354942706435,8193.624827717364,7299.494584278931,8325.505109817781
utf16CharsetEncode,4096,c2,10231.53205419573,178.57608501311668,57.29508547263878,9075.07875051861,11387.985357872849,169.7666991201117,187.38547090612167
utf16CharsetEncode,4096,c1,33582.26752920173,184.4808316363342,182.03662261997076,32981.970015657505,34182.565042745955,183.06176848236566,185.8998947903027
utf16CharsetEncode,4096,interpreter,943880.3401084818,971.7729041504873,971.2972404119573,880662.9781302485,1007097.7020867151,952.0602083635569,991.4855999374178
utf16CharsetEncode,65536,c2,150397.31072270765,3479.8598421303873,43.21935869423801,111493.36786912622,189301.2535762891,3240.1321450140167,3719.587539246758
utf16CharsetEncode,65536,c1,537851.9719587555,3448.672451940147,155.95913484221208,529818.5105954416,545885.4333220695,3394.856847172483,3502.4880567078108
utf16CharsetEncode,65536,interpreter,14738682.158730159,4348.407577583684,3389.443582682773,14541146.601775229,14936217.715685088,4210.810511311058,4486.0046438563095
utf16Encode,32,c2,58.76286701451323,57.649070763656724,1.0193202810748283,56.77703643655833,60.74869759246813,55.10461439031032,60.19352713700313
utf16Encode,32,c1,116.83532859740546,99.03717534495684,1.179711842451643,103.88420284705123,129.7864543477597,96.80536084828896,101.26898984162472
utf16Encode,32,interpreter,3439.638159612231,3392.85961875901,1.013787349348197,2947.1199269277286,3932.1563922967334,3138.50949419669,3647.2097433213303
utf16Encode,4096,c2,8157.956424588327,3144.6430212854493,2.594239272746947,7319.110302682,8996.802546494653,2653.743161170358,3635.542881400541
utf16Encode,4096,c1,14457.554634326989,4160.4314874967595,3.4750132715262625,13953.663942146804,14961.445326507173,3682.7350898373006,4638.127885156218
utf16Encode,4096,interpreter,403161.049098467,4390.268602914306,91.83061119104295,360942.0923381889,445380.0058587451,4012.5889258540465,4767.948279974566
utf16Encode,65536,c2,130051.94244362244,54204.40539668986,2.399287317919079,123334.69915516487,136769.18573208002,51009.23985854236,57399.57093483736
utf16Encode,65536,c1,218568.6914247934,52839.2471866531,4.136483827120131,211670.88264113743,225466.50020844935,49937.35302797976,55741.14134532643
utf16Encode,65536,interpreter,6244221.408234127,53877.237553385836,115.89720801937659,5706606.623293415,6781836.193174839,52474.14547079058,55280.32963598109
utf32CharsetDecode,32,c2,170.88701453871278,159.12964986694482,1.0738854429806062,143.52095106466766,198.2530780127579,149.47508445043118,168.78421528345845
utf32CharsetDecode,32,c1,430.2025069885376,439.35188559211866,0.979175283175921,422.69667579780236,437.70833817927286,423.4127150425727,455.2910561416646
utf32CharsetDecode,32,interpreter,11580.657541920742,11903.328682747844,0.972892360664226,11324.651495885328,11836.663587956156,11505.30285149077,12301.35451400492
utf32CharsetDecode,4096,c2,11173.276702864476,419.94761210601655,26.606358461787757,10536.427396043275,11810.126009685677,397.72151699757376,442.17370721445934
utf32CharsetDecode,4096,c1,52114.79256295333,444.88578777936596,117.1419586655774,50037.63275622343,54191.952369683226,432.5590794578052,457.2124961009267
utf32CharsetDecode,4096,interpreter,1452580.0970940934,1619.2885248786597,897.0483485658873,1335631.4652385504,1569528.7289496365,1473.1462106835238,1765.4308390737956
utf32CharsetDecode,65536,c2,177987.2134374179,6886.3327634941425,25.846443898407653,171555.54503251435,184418.88184232145,6375.25271430498,7397.412812683305
utf32CharsetDecode,65536,c1,833660.1274850285,6945.107764668888,120.03559278461012,827682.5060928342,839637.7488772228,6844.053206446758,7046.162322891018
utf32CharsetDecode,65536,interpreter,23383671.445970695,8239.8674525071,2837.8698541875056,21892830.756366387,24874512.135575004,8052.61396788871,8427.12093712549
utf32CharsetEncode,32,c2,135.6089141210775,137.98898695802976,0.9827517188913332,124.79672701590557,146.42110122624945,125.23963324184793,150.7383406742116
utf32CharsetEncode,32,c1,411.64763660704216,420.8796937072792,0.9780648550208794,404.95350604337517,418.34176717070915,399.66451615156603,442.0948712629924
utf32CharsetEncode,32,interpreter,11388.288585098708,12251.115196541312,0.9295715861290575,10909.742492922307,11866.834677275108,10254.159977173604,14248.07041590902
utf32CharsetEncode,4096,c2,11873.313513742427,295.62061131826636,40.1640246287143,9961.20353154872,13785.423495936135,283.19894122354066,308.04228141299205
utf32CharsetEncode,4096,c1,52514.69930731984,333.09170693323927,157.65838120324392,49226.04872026579,55803.34989437389,250.7160953001829,415.4673185662956
utf32CharsetEncode,4096,interpreter,1407537.6347708933,1186.2464437441224,1186.5474010006847,1378037.0661317913,1437038.2034099952,1079.9755330562587,1292.5173544319862
utf32CharsetEncode,65536,c2,172875.61653238788,5554.049501207517,31.12604892966882,147331.8117956805,198419.42126909527,5040.4808253478095,6067.618177067225
utf32CharsetEncode,65536,c1,818561.6097390626,5417.610403726873,151.09274176968486,798350.8046768326,838772.4148012926,5123.853566693956,5711.367240759791
utf32CharsetEncode,65536,interpreter,22958571.518315017,6420.50770659164,3575.818699624721,21539231.423541907,24377911.613088127,5648.058771698668,7192.956641484612
utf8Decode,32,c2,92.37494388414699,90.19939101971957,1.0241193741979011,87.52866906672503,97.22121870156894,80.86317074001458,99.53561129942456
utf8Decode,32,c1,259.4565314368111,226.83896178383694,1.1437917428138142,227.20686736352047,291.7061955101017,215.29779618391575,238.38012738375812
utf8Decode,32,interpreter,5686.192623545801,5860.750034470506,0.9702158580560457,4972.176215401555,6400.209031690048,5419.569178053755,6301.930890887256
utf8Decode,4096,c2,11299.499114550195,6617.014753770345,1.7076430286197855,10263.622957889485,12335.375271210905,5745.031701283261,7488.997806257429
utf8Decode,4096,c1,32396.86675952866,8133.230805774272,3.983271535406098,31605.387923594564,33188.34559546276,7925.199252343087,8341.262359205457
utf8Decode,4096,interpreter,585003.3990293909,8929.458090243645,65.51387476341566,514342.02897468396,655664.7690840978,8424.046668567331,9434.869511919958
utf8Decode,65536,c2,191945.77923422836,115011.0224284609,1.668933769836038,180486.3960517808,203405.16241667594,100555.24186289111,129466.80299403069
utf8Decode,65536,c1,479960.64279068884,103205.91810685935,4.650514733987811,475268.69751950813,484652.58806186955,100099.01549602592,106312.82071769277
utf8Decode,65536,interpreter,8908522.343769629,112834.58112591038,78.9520575596301,8404342.601712402,9412702.085826855,100095.3820448275,125573.78020699327
