gc,layout,forks,mean_ns,change_percent,change_95ci_low,change_95ci_high
Serial,baseline8,6,13.471599667026043,0,0,0
Serial,default8,6,15.088406148063964,11.978156151191644,7.419375770940295,16.73040701482844
Serial,four4,6,15.589170308982265,15.737802738506957,12.157722547361871,19.43215927089654
G1,baseline8,6,13.621567207046198,0,0,0
G1,default8,6,15.056700139336975,10.553289969419755,7.615276259693982,13.571514638579462
G1,four4,6,15.788383164812169,15.931947307189077,12.970159652386727,18.971385433046194
Z,baseline8,6,14.174225364234376,0,0,0
Z,default8,6,15.267402801170267,7.92542460069976,-1.103905625163748,17.77914334102453
Z,four4,6,15.766547450563737,11.514239033309703,2.452615444029349,21.37733578867691
