flavor,suite,test,status,total_time,report
release,headers/hash/compressed-oops,gc/stress/ihash/TestHashCodeC2Relocation.java#g1,Passed. Execution successful,4021,jtreg-release/work/gc/stress/ihash/TestHashCodeC2Relocation_g1.jtr
release,headers/hash/compressed-oops,gc/stress/ihash/TestHashCodeC2Relocation.java#parallel,Passed. Execution successful,3102,jtreg-release/work/gc/stress/ihash/TestHashCodeC2Relocation_parallel.jtr
release,headers/hash/compressed-oops,gc/stress/ihash/TestHashCodeC2Relocation.java#serial,Passed. Execution successful,2486,jtreg-release/work/gc/stress/ihash/TestHashCodeC2Relocation_serial.jtr
release,headers/hash/compressed-oops,gc/stress/ihash/TestHashCodeC2Relocation.java#shenandoah,Passed. Execution successful,6329,jtreg-release/work/gc/stress/ihash/TestHashCodeC2Relocation_shenandoah.jtr
release,headers/hash/compressed-oops,gc/stress/ihash/TestHashCodeC2Relocation.java#zgc-in-place,Passed. Execution successful,8756,jtreg-release/work/gc/stress/ihash/TestHashCodeC2Relocation_zgc-in-place.jtr
release,headers/hash/compressed-oops,gc/stress/ihash/TestHashCodeC2Relocation.java#zgc,Passed. Execution successful,5397,jtreg-release/work/gc/stress/ihash/TestHashCodeC2Relocation_zgc.jtr
release,headers/hash/compressed-oops,gc/stress/ihash/TestHashCodeEvacRace.java#default,Passed. Execution successful,10587,jtreg-release/work/gc/stress/ihash/TestHashCodeEvacRace_default.jtr
release,headers/hash/compressed-oops,gc/stress/ihash/TestHashCodeEvacRace.java#g1,Passed. Execution successful,10624,jtreg-release/work/gc/stress/ihash/TestHashCodeEvacRace_g1.jtr
release,headers/hash/compressed-oops,gc/stress/ihash/TestHashCodeEvacRace.java#generational,Passed. Execution successful,10786,jtreg-release/work/gc/stress/ihash/TestHashCodeEvacRace_generational.jtr
release,headers/hash/compressed-oops,gc/stress/ihash/TestHashCodeEvacRace.java#parallel,Passed. Execution successful,10552,jtreg-release/work/gc/stress/ihash/TestHashCodeEvacRace_parallel.jtr
release,headers/hash/compressed-oops,gc/stress/ihash/TestHashCodeEvacRace.java#serial,Passed. Execution successful,10517,jtreg-release/work/gc/stress/ihash/TestHashCodeEvacRace_serial.jtr
release,headers/hash/compressed-oops,gc/stress/ihash/TestHashCodeEvacRace.java#zgc,Passed. Execution successful,10579,jtreg-release/work/gc/stress/ihash/TestHashCodeEvacRace_zgc.jtr
release,headers/hash/compressed-oops,gc/stress/ihash/TestHumongousHashFullGC.java#Shenandoah-aggressive,Passed. Execution successful,660,jtreg-release/work/gc/stress/ihash/TestHumongousHashFullGC_Shenandoah-aggressive.jtr
release,headers/hash/compressed-oops,gc/stress/ihash/TestHumongousHashFullGC.java#Shenandoah,Passed. Execution successful,556,jtreg-release/work/gc/stress/ihash/TestHumongousHashFullGC_Shenandoah.jtr
release,headers/hash/compressed-oops,gc/stress/ihash/TestHumongousHash.java#G1,Passed. Execution successful,4796,jtreg-release/work/gc/stress/ihash/TestHumongousHash_G1.jtr
release,headers/hash/compressed-oops,gc/stress/ihash/TestHumongousHash.java#Shenandoah-aggressive,Passed. Execution successful,3818,jtreg-release/work/gc/stress/ihash/TestHumongousHash_Shenandoah-aggressive.jtr
release,headers/hash/compressed-oops,gc/stress/ihash/TestHumongousHash.java#Shenandoah-min-region-aggressive,Passed. Execution successful,3272,jtreg-release/work/gc/stress/ihash/TestHumongousHash_Shenandoah-min-region-aggressive.jtr
release,headers/hash/compressed-oops,gc/stress/ihash/TestHumongousHash.java#Shenandoah-min-region,Passed. Execution successful,4011,jtreg-release/work/gc/stress/ihash/TestHumongousHash_Shenandoah-min-region.jtr
release,headers/hash/compressed-oops,gc/stress/ihash/TestHumongousHash.java#Shenandoah,Passed. Execution successful,3610,jtreg-release/work/gc/stress/ihash/TestHumongousHash_Shenandoah.jtr
release,headers/hash/compressed-oops,gc/stress/ihash/TestRegionSizedHash.java#Shenandoah-aggressive,Passed. Execution successful,654,jtreg-release/work/gc/stress/ihash/TestRegionSizedHash_Shenandoah-aggressive.jtr
release,headers/hash/compressed-oops,gc/stress/ihash/TestRegionSizedHash.java#Shenandoah,Passed. Execution successful,539,jtreg-release/work/gc/stress/ihash/TestRegionSizedHash_Shenandoah.jtr
release,headers/hash/compressed-oops,gc/stress/ihash/TestStressIHash.java#C2-G1,Passed. Execution successful,592,jtreg-release/work/gc/stress/ihash/TestStressIHash_C2-G1.jtr
release,headers/hash/compressed-oops,gc/stress/ihash/TestStressIHash.java#C2-Parallel,Passed. Execution successful,582,jtreg-release/work/gc/stress/ihash/TestStressIHash_C2-Parallel.jtr
release,headers/hash/compressed-oops,gc/stress/ihash/TestStressIHash.java#C2-Serial,Passed. Execution successful,568,jtreg-release/work/gc/stress/ihash/TestStressIHash_C2-Serial.jtr
release,headers/hash/compressed-oops,gc/stress/ihash/TestStressIHash.java#G1,Passed. Execution successful,6717,jtreg-release/work/gc/stress/ihash/TestStressIHash_G1.jtr
release,headers/hash/compressed-oops,gc/stress/ihash/TestStressIHash.java#Parallel,Passed. Execution successful,4053,jtreg-release/work/gc/stress/ihash/TestStressIHash_Parallel.jtr
release,headers/hash/compressed-oops,gc/stress/ihash/TestStressIHash.java#Serial,Passed. Execution successful,4938,jtreg-release/work/gc/stress/ihash/TestStressIHash_Serial.jtr
release,headers/hash/compressed-oops,gc/stress/ihash/TestStressIHash.java#Shenandoah,Passed. Execution successful,3350,jtreg-release/work/gc/stress/ihash/TestStressIHash_Shenandoah.jtr
release,headers/hash/compressed-oops,gc/stress/ihash/TestStressIHash.java#Z,Passed. Execution successful,11135,jtreg-release/work/gc/stress/ihash/TestStressIHash_Z.jtr
release,headers/hash/compressed-oops,runtime/CompactObjectHeaders/FourByteHeaderArchives.java,Passed. Execution successful,2658,jtreg-release/work/runtime/CompactObjectHeaders/FourByteHeaderArchives.jtr
release,headers/hash/compressed-oops,runtime/CompactObjectHeaders/FourByteHeaderClassSpace.java,Passed. Execution successful,5211,jtreg-release/work/runtime/CompactObjectHeaders/FourByteHeaderClassSpace.jtr
release,headers/hash/compressed-oops,runtime/CompactObjectHeaders/FourByteHeaderHashState.java,Passed. Execution successful,2185,jtreg-release/work/runtime/CompactObjectHeaders/FourByteHeaderHashState.jtr
release,headers/hash/compressed-oops,runtime/CompactObjectHeaders/FourByteHeaderLayout.java,Passed. Execution successful,2212,jtreg-release/work/runtime/CompactObjectHeaders/FourByteHeaderLayout.jtr
release,headers/hash/compressed-oops,runtime/CompactObjectHeaders/FourByteHeaderMonitorLookup.java,Passed. Execution successful,6159,jtreg-release/work/runtime/CompactObjectHeaders/FourByteHeaderMonitorLookup.jtr
release,headers/hash/compressed-oops,runtime/CompactObjectHeaders/FourByteHeaderOptions.java,Passed. Execution successful,2285,jtreg-release/work/runtime/CompactObjectHeaders/FourByteHeaderOptions.jtr
release,headers/hash/compressed-oops,runtime/CompactObjectHeaders/FourByteHeaderZGC.java,Passed. Execution successful,7420,jtreg-release/work/runtime/CompactObjectHeaders/FourByteHeaderZGC.jtr
release,headers/hash/compressed-oops,runtime/CompressedOops/CompressedClassPointers.java,Passed. Execution successful,3498,jtreg-release/work/runtime/CompressedOops/CompressedClassPointers.jtr
release,headers/hash/compressed-oops,runtime/CompressedOops/CompressedClassSpaceSize.java#invalid,Passed. Execution successful,1134,jtreg-release/work/runtime/CompressedOops/CompressedClassSpaceSize_invalid.jtr
release,headers/hash/compressed-oops,runtime/CompressedOops/CompressedClassSpaceSize.java#valid_large_cds,Passed. Execution successful,2762,jtreg-release/work/runtime/CompressedOops/CompressedClassSpaceSize_valid_large_cds.jtr
release,headers/hash/compressed-oops,runtime/CompressedOops/CompressedClassSpaceSize.java#valid_large_nocds,Passed. Execution successful,1222,jtreg-release/work/runtime/CompressedOops/CompressedClassSpaceSize_valid_large_nocds.jtr
release,headers/hash/compressed-oops,runtime/CompressedOops/CompressedClassSpaceSize.java#valid_small,Passed. Execution successful,1214,jtreg-release/work/runtime/CompressedOops/CompressedClassSpaceSize_valid_small.jtr
release,headers/hash/compressed-oops,runtime/CompressedOops/CompressedKlassPointerAndOops.java,Passed. Execution successful,1297,jtreg-release/work/runtime/CompressedOops/CompressedKlassPointerAndOops.jtr
release,headers/hash/compressed-oops,runtime/CompressedOops/ObjectAlignment.java,Passed. Execution successful,1387,jtreg-release/work/runtime/CompressedOops/ObjectAlignment.jtr
release,headers/hash/compressed-oops,runtime/CompressedOops/UseCompressedOops.java,Passed. Execution successful,7670,jtreg-release/work/runtime/CompressedOops/UseCompressedOops.jtr
release,headers/hash/compressed-oops,runtime/cds/DeterministicDump.java,Passed. Execution successful,16621,jtreg-release/work/runtime/cds/DeterministicDump.jtr
release,headers/hash/compressed-oops,runtime/cds/FourByteHeaderArchiveDeterminism.java#g1,Passed. Execution successful,17333,jtreg-release/work/runtime/cds/FourByteHeaderArchiveDeterminism_g1.jtr
release,headers/hash/compressed-oops,runtime/cds/FourByteHeaderArchiveDeterminism.java#serial,Passed. Execution successful,17055,jtreg-release/work/runtime/cds/FourByteHeaderArchiveDeterminism_serial.jtr
release,headers/hash/compressed-oops,runtime/cds/FourByteHeaderArchiveDeterminism.java#z,Passed. Execution successful,17626,jtreg-release/work/runtime/cds/FourByteHeaderArchiveDeterminism_z.jtr
fastdebug,headers/hash/compressed-oops,gc/stress/ihash/TestHashCodeC2Relocation.java#g1,Passed. Execution successful,9967,jtreg-fastdebug/work/gc/stress/ihash/TestHashCodeC2Relocation_g1.jtr
fastdebug,headers/hash/compressed-oops,gc/stress/ihash/TestHashCodeC2Relocation.java#parallel,Passed. Execution successful,10776,jtreg-fastdebug/work/gc/stress/ihash/TestHashCodeC2Relocation_parallel.jtr
fastdebug,headers/hash/compressed-oops,gc/stress/ihash/TestHashCodeC2Relocation.java#serial,Passed. Execution successful,9668,jtreg-fastdebug/work/gc/stress/ihash/TestHashCodeC2Relocation_serial.jtr
fastdebug,headers/hash/compressed-oops,gc/stress/ihash/TestHashCodeC2Relocation.java#shenandoah,Passed. Execution successful,29538,jtreg-fastdebug/work/gc/stress/ihash/TestHashCodeC2Relocation_shenandoah.jtr
fastdebug,headers/hash/compressed-oops,gc/stress/ihash/TestHashCodeC2Relocation.java#zgc-in-place,Passed. Execution successful,11034,jtreg-fastdebug/work/gc/stress/ihash/TestHashCodeC2Relocation_zgc-in-place.jtr
fastdebug,headers/hash/compressed-oops,gc/stress/ihash/TestHashCodeC2Relocation.java#zgc,Passed. Execution successful,10710,jtreg-fastdebug/work/gc/stress/ihash/TestHashCodeC2Relocation_zgc.jtr
fastdebug,headers/hash/compressed-oops,gc/stress/ihash/TestHashCodeEvacRace.java#default,Passed. Execution successful,12295,jtreg-fastdebug/work/gc/stress/ihash/TestHashCodeEvacRace_default.jtr
fastdebug,headers/hash/compressed-oops,gc/stress/ihash/TestHashCodeEvacRace.java#g1,Passed. Execution successful,12181,jtreg-fastdebug/work/gc/stress/ihash/TestHashCodeEvacRace_g1.jtr
fastdebug,headers/hash/compressed-oops,gc/stress/ihash/TestHashCodeEvacRace.java#generational,Passed. Execution successful,12635,jtreg-fastdebug/work/gc/stress/ihash/TestHashCodeEvacRace_generational.jtr
fastdebug,headers/hash/compressed-oops,gc/stress/ihash/TestHashCodeEvacRace.java#parallel,Passed. Execution successful,12278,jtreg-fastdebug/work/gc/stress/ihash/TestHashCodeEvacRace_parallel.jtr
fastdebug,headers/hash/compressed-oops,gc/stress/ihash/TestHashCodeEvacRace.java#serial,Passed. Execution successful,12082,jtreg-fastdebug/work/gc/stress/ihash/TestHashCodeEvacRace_serial.jtr
fastdebug,headers/hash/compressed-oops,gc/stress/ihash/TestHashCodeEvacRace.java#zgc,Passed. Execution successful,12360,jtreg-fastdebug/work/gc/stress/ihash/TestHashCodeEvacRace_zgc.jtr
fastdebug,headers/hash/compressed-oops,gc/stress/ihash/TestHumongousHashFullGC.java#Shenandoah-aggressive,Passed. Execution successful,2412,jtreg-fastdebug/work/gc/stress/ihash/TestHumongousHashFullGC_Shenandoah-aggressive.jtr
fastdebug,headers/hash/compressed-oops,gc/stress/ihash/TestHumongousHashFullGC.java#Shenandoah,Passed. Execution successful,2207,jtreg-fastdebug/work/gc/stress/ihash/TestHumongousHashFullGC_Shenandoah.jtr
fastdebug,headers/hash/compressed-oops,gc/stress/ihash/TestHumongousHash.java#G1,Passed. Execution successful,9833,jtreg-fastdebug/work/gc/stress/ihash/TestHumongousHash_G1.jtr
fastdebug,headers/hash/compressed-oops,gc/stress/ihash/TestHumongousHash.java#Shenandoah-aggressive,Passed. Execution successful,7223,jtreg-fastdebug/work/gc/stress/ihash/TestHumongousHash_Shenandoah-aggressive.jtr
fastdebug,headers/hash/compressed-oops,gc/stress/ihash/TestHumongousHash.java#Shenandoah-min-region-aggressive,Passed. Execution successful,7194,jtreg-fastdebug/work/gc/stress/ihash/TestHumongousHash_Shenandoah-min-region-aggressive.jtr
fastdebug,headers/hash/compressed-oops,gc/stress/ihash/TestHumongousHash.java#Shenandoah-min-region,Passed. Execution successful,7167,jtreg-fastdebug/work/gc/stress/ihash/TestHumongousHash_Shenandoah-min-region.jtr
fastdebug,headers/hash/compressed-oops,gc/stress/ihash/TestHumongousHash.java#Shenandoah,Passed. Execution successful,6251,jtreg-fastdebug/work/gc/stress/ihash/TestHumongousHash_Shenandoah.jtr
fastdebug,headers/hash/compressed-oops,gc/stress/ihash/TestRegionSizedHash.java#Shenandoah-aggressive,Passed. Execution successful,2305,jtreg-fastdebug/work/gc/stress/ihash/TestRegionSizedHash_Shenandoah-aggressive.jtr
fastdebug,headers/hash/compressed-oops,gc/stress/ihash/TestRegionSizedHash.java#Shenandoah,Passed. Execution successful,2149,jtreg-fastdebug/work/gc/stress/ihash/TestRegionSizedHash_Shenandoah.jtr
fastdebug,headers/hash/compressed-oops,gc/stress/ihash/TestStressIHash.java#C2-G1,Passed. Execution successful,2104,jtreg-fastdebug/work/gc/stress/ihash/TestStressIHash_C2-G1.jtr
fastdebug,headers/hash/compressed-oops,gc/stress/ihash/TestStressIHash.java#C2-Parallel,Passed. Execution successful,2081,jtreg-fastdebug/work/gc/stress/ihash/TestStressIHash_C2-Parallel.jtr
fastdebug,headers/hash/compressed-oops,gc/stress/ihash/TestStressIHash.java#C2-Serial,Passed. Execution successful,2055,jtreg-fastdebug/work/gc/stress/ihash/TestStressIHash_C2-Serial.jtr
fastdebug,headers/hash/compressed-oops,gc/stress/ihash/TestStressIHash.java#G1,Passed. Execution successful,36370,jtreg-fastdebug/work/gc/stress/ihash/TestStressIHash_G1.jtr
fastdebug,headers/hash/compressed-oops,gc/stress/ihash/TestStressIHash.java#Parallel,Passed. Execution successful,20760,jtreg-fastdebug/work/gc/stress/ihash/TestStressIHash_Parallel.jtr
fastdebug,headers/hash/compressed-oops,gc/stress/ihash/TestStressIHash.java#Serial,Passed. Execution successful,22460,jtreg-fastdebug/work/gc/stress/ihash/TestStressIHash_Serial.jtr
fastdebug,headers/hash/compressed-oops,gc/stress/ihash/TestStressIHash.java#Shenandoah,Passed. Execution successful,27899,jtreg-fastdebug/work/gc/stress/ihash/TestStressIHash_Shenandoah.jtr
fastdebug,headers/hash/compressed-oops,gc/stress/ihash/TestStressIHash.java#Z,Passed. Execution successful,56108,jtreg-fastdebug/work/gc/stress/ihash/TestStressIHash_Z.jtr
fastdebug,headers/hash/compressed-oops,runtime/CompactObjectHeaders/FourByteHeaderArchives.java,Passed. Execution successful,7234,jtreg-fastdebug/work/runtime/CompactObjectHeaders/FourByteHeaderArchives.jtr
fastdebug,headers/hash/compressed-oops,runtime/CompactObjectHeaders/FourByteHeaderClassSpace.java,Passed. Execution successful,21636,jtreg-fastdebug/work/runtime/CompactObjectHeaders/FourByteHeaderClassSpace.jtr
fastdebug,headers/hash/compressed-oops,runtime/CompactObjectHeaders/FourByteHeaderHashState.java,Passed. Execution successful,6801,jtreg-fastdebug/work/runtime/CompactObjectHeaders/FourByteHeaderHashState.jtr
fastdebug,headers/hash/compressed-oops,runtime/CompactObjectHeaders/FourByteHeaderLayout.java,Passed. Execution successful,8196,jtreg-fastdebug/work/runtime/CompactObjectHeaders/FourByteHeaderLayout.jtr
fastdebug,headers/hash/compressed-oops,runtime/CompactObjectHeaders/FourByteHeaderMonitorLookup.java,Passed. Execution successful,20308,jtreg-fastdebug/work/runtime/CompactObjectHeaders/FourByteHeaderMonitorLookup.jtr
fastdebug,headers/hash/compressed-oops,runtime/CompactObjectHeaders/FourByteHeaderOptions.java,Passed. Execution successful,7094,jtreg-fastdebug/work/runtime/CompactObjectHeaders/FourByteHeaderOptions.jtr
fastdebug,headers/hash/compressed-oops,runtime/CompactObjectHeaders/FourByteHeaderZGC.java,Passed. Execution successful,9620,jtreg-fastdebug/work/runtime/CompactObjectHeaders/FourByteHeaderZGC.jtr
fastdebug,headers/hash/compressed-oops,runtime/CompressedOops/CompressedCPUSpecificClassSpaceReservation.java,Passed. Execution successful,5112,jtreg-fastdebug/work/runtime/CompressedOops/CompressedCPUSpecificClassSpaceReservation.jtr
fastdebug,headers/hash/compressed-oops,runtime/CompressedOops/CompressedClassPointers.java,Passed. Execution successful,9374,jtreg-fastdebug/work/runtime/CompressedOops/CompressedClassPointers.jtr
fastdebug,headers/hash/compressed-oops,runtime/CompressedOops/CompressedClassPointersEncodingScheme.java,Passed. Execution successful,5981,jtreg-fastdebug/work/runtime/CompressedOops/CompressedClassPointersEncodingScheme.jtr
fastdebug,headers/hash/compressed-oops,runtime/CompressedOops/CompressedClassSpaceSize.java#invalid,Passed. Execution successful,4672,jtreg-fastdebug/work/runtime/CompressedOops/CompressedClassSpaceSize_invalid.jtr
fastdebug,headers/hash/compressed-oops,runtime/CompressedOops/CompressedClassSpaceSize.java#valid_large_cds,Passed. Execution successful,7570,jtreg-fastdebug/work/runtime/CompressedOops/CompressedClassSpaceSize_valid_large_cds.jtr
fastdebug,headers/hash/compressed-oops,runtime/CompressedOops/CompressedClassSpaceSize.java#valid_large_nocds,Passed. Execution successful,4811,jtreg-fastdebug/work/runtime/CompressedOops/CompressedClassSpaceSize_valid_large_nocds.jtr
fastdebug,headers/hash/compressed-oops,runtime/CompressedOops/CompressedClassSpaceSize.java#valid_small,Passed. Execution successful,4355,jtreg-fastdebug/work/runtime/CompressedOops/CompressedClassSpaceSize_valid_small.jtr
fastdebug,headers/hash/compressed-oops,runtime/CompressedOops/CompressedKlassPointerAndOops.java,Passed. Execution successful,4730,jtreg-fastdebug/work/runtime/CompressedOops/CompressedKlassPointerAndOops.jtr
fastdebug,headers/hash/compressed-oops,runtime/CompressedOops/ObjectAlignment.java,Passed. Execution successful,4924,jtreg-fastdebug/work/runtime/CompressedOops/ObjectAlignment.jtr
fastdebug,headers/hash/compressed-oops,runtime/CompressedOops/UseCompressedOops.java,Passed. Execution successful,25560,jtreg-fastdebug/work/runtime/CompressedOops/UseCompressedOops.jtr
fastdebug,headers/hash/compressed-oops,runtime/cds/DeterministicDump.java,Passed. Execution successful,31194,jtreg-fastdebug/work/runtime/cds/DeterministicDump.jtr
fastdebug,headers/hash/compressed-oops,runtime/cds/FourByteHeaderArchiveDeterminism.java#g1,Passed. Execution successful,34161,jtreg-fastdebug/work/runtime/cds/FourByteHeaderArchiveDeterminism_g1.jtr
fastdebug,headers/hash/compressed-oops,runtime/cds/FourByteHeaderArchiveDeterminism.java#serial,Passed. Execution successful,33230,jtreg-fastdebug/work/runtime/cds/FourByteHeaderArchiveDeterminism_serial.jtr
fastdebug,headers/hash/compressed-oops,runtime/cds/FourByteHeaderArchiveDeterminism.java#z,Passed. Execution successful,32293,jtreg-fastdebug/work/runtime/cds/FourByteHeaderArchiveDeterminism_z.jtr
release,instrumentation,java/lang/instrument/FourByteHeaderObjectSize.java,Passed. Execution successful,4321,jtreg-size-release/work/java/lang/instrument/FourByteHeaderObjectSize.jtr
release,instrumentation,java/lang/instrument/GetObjectSizeIntrinsicsTest.java#id0,Passed. Execution successful,4395,jtreg-size-release/work/java/lang/instrument/GetObjectSizeIntrinsicsTest_id0.jtr
release,instrumentation,java/lang/instrument/GetObjectSizeIntrinsicsTest.java#id1,Passed. Execution successful,4946,jtreg-size-release/work/java/lang/instrument/GetObjectSizeIntrinsicsTest_id1.jtr
release,instrumentation,java/lang/instrument/GetObjectSizeIntrinsicsTest.java#id2,Passed. Execution successful,4783,jtreg-size-release/work/java/lang/instrument/GetObjectSizeIntrinsicsTest_id2.jtr
fastdebug,instrumentation,java/lang/instrument/FourByteHeaderObjectSize.java,Passed. Execution successful,15962,jtreg-size-fastdebug/work/java/lang/instrument/FourByteHeaderObjectSize.jtr
fastdebug,instrumentation,java/lang/instrument/GetObjectSizeIntrinsicsTest.java#id0,Passed. Execution successful,17881,jtreg-size-fastdebug/work/java/lang/instrument/GetObjectSizeIntrinsicsTest_id0.jtr
fastdebug,instrumentation,java/lang/instrument/GetObjectSizeIntrinsicsTest.java#id1,Passed. Execution successful,20648,jtreg-size-fastdebug/work/java/lang/instrument/GetObjectSizeIntrinsicsTest_id1.jtr
fastdebug,instrumentation,java/lang/instrument/GetObjectSizeIntrinsicsTest.java#id2,Passed. Execution successful,18140,jtreg-size-fastdebug/work/java/lang/instrument/GetObjectSizeIntrinsicsTest_id2.jtr
fastdebug,tier1-common,gtest/GTestWrapper.java,Passed. Execution successful,58023,jtreg-common/work/gtest/GTestWrapper.jtr
fastdebug,tier1-common,gtest/LargePageGtests.java#use-large-pages-1G,Passed. Execution successful,5445,jtreg-common/work/gtest/LargePageGtests_use-large-pages-1G.jtr
fastdebug,tier1-common,gtest/LargePageGtests.java#use-large-pages,Passed. Execution successful,5442,jtreg-common/work/gtest/LargePageGtests_use-large-pages.jtr
fastdebug,tier1-common,gtest/MetaspaceGtests.java#UseCompactObjectHeaders,Passed. Execution successful,10500,jtreg-common/work/gtest/MetaspaceGtests_UseCompactObjectHeaders.jtr
fastdebug,tier1-common,gtest/MetaspaceGtests.java#default-debug,Passed. Execution successful,15156,jtreg-common/work/gtest/MetaspaceGtests_default-debug.jtr
fastdebug,tier1-common,gtest/NMTGtests.java#nmt-detail,Passed. Execution successful,9491,jtreg-common/work/gtest/NMTGtests_nmt-detail.jtr
fastdebug,tier1-common,gtest/NMTGtests.java#nmt-off,Passed. Execution successful,8997,jtreg-common/work/gtest/NMTGtests_nmt-off.jtr
fastdebug,tier1-common,gtest/NMTGtests.java#nmt-summary,Passed. Execution successful,8846,jtreg-common/work/gtest/NMTGtests_nmt-summary.jtr
fastdebug,tier1-common,sanity/BasicVMTest.java,Passed. Execution successful,4680,jtreg-common/work/sanity/BasicVMTest.jtr
fastdebug,tier1-common,sources/TestIncludesAreSorted.java,Passed. Execution successful,5720,jtreg-common/work/sources/TestIncludesAreSorted.jtr
fastdebug,tier1-common,sources/TestNoNULL.java,Passed. Execution successful,4548,jtreg-common/work/sources/TestNoNULL.jtr
