test,status,total_time
applications/ctw/modules/java_compiler.java,Passed. Execution successful,5902
applications/ctw/modules/java_datatransfer.java,Passed. Execution successful,4946
applications/ctw/modules/java_instrument.java,Passed. Execution successful,4206
applications/ctw/modules/java_logging.java,Passed. Execution successful,4961
applications/ctw/modules/java_management.java,Passed. Execution successful,14359
applications/ctw/modules/java_management_rmi.java,Passed. Execution successful,4368
applications/ctw/modules/java_naming.java,Passed. Execution successful,6664
applications/ctw/modules/java_net_http.java,Passed. Execution successful,17522
applications/ctw/modules/java_prefs.java,Passed. Execution successful,3634
applications/ctw/modules/java_rmi.java,Passed. Execution successful,4803
applications/ctw/modules/java_scripting.java,Passed. Execution successful,3704
applications/ctw/modules/java_security_jgss.java,Passed. Execution successful,8932
applications/ctw/modules/java_security_sasl.java,Passed. Execution successful,4496
applications/ctw/modules/java_smartcardio.java,Passed. Execution successful,3726
applications/ctw/modules/java_sql.java,Passed. Execution successful,4697
applications/ctw/modules/java_sql_rowset.java,Passed. Execution successful,7191
applications/ctw/modules/java_transaction_xa.java,Passed. Execution successful,3629
applications/ctw/modules/java_xml_crypto.java,Passed. Execution successful,9730
applications/ctw/modules/jdk_accessibility.java,Passed. Execution successful,4831
applications/ctw/modules/jdk_attach.java,Passed. Execution successful,4080
applications/ctw/modules/jdk_charsets.java,Passed. Execution successful,11127
applications/ctw/modules/jdk_crypto_cryptoki.java,Passed. Execution successful,7370
applications/ctw/modules/jdk_dynalink.java,Passed. Execution successful,4905
applications/ctw/modules/jdk_editpad.java,Passed. Execution successful,3788
applications/ctw/modules/jdk_hotspot_agent.java,Passed. Execution successful,19014
applications/ctw/modules/jdk_httpserver.java,Passed. Execution successful,5373
applications/ctw/modules/jdk_incubator_vector.java,Passed. Execution successful,4659
applications/ctw/modules/jdk_internal_ed.java,Passed. Execution successful,3470
applications/ctw/modules/jdk_internal_jvmstat.java,Passed. Execution successful,4027
applications/ctw/modules/jdk_internal_le.java,Passed. Execution successful,13645
applications/ctw/modules/jdk_internal_md.java,Passed. Execution successful,5910
applications/ctw/modules/jdk_internal_opt.java,Passed. Execution successful,4136
applications/ctw/modules/jdk_jartool.java,Passed. Execution successful,6044
applications/ctw/modules/jdk_javadoc.java,Passed. Execution successful,19995
applications/ctw/modules/jdk_jcmd.java,Passed. Execution successful,4367
applications/ctw/modules/jdk_jconsole.java,Passed. Execution successful,7928
applications/ctw/modules/jdk_jdeps.java,Passed. Execution successful,7605
applications/ctw/modules/jdk_jdi.java,Passed. Execution successful,10064
applications/ctw/modules/jdk_jfr.java,Passed. Execution successful,12563
applications/ctw/modules/jdk_jlink.java,Passed. Execution successful,6871
applications/ctw/modules/jdk_jpackage.java,Passed. Execution successful,13503
applications/ctw/modules/jdk_jshell.java,Passed. Execution successful,9521
applications/ctw/modules/jdk_jstatd.java,Passed. Execution successful,3842
applications/ctw/modules/jdk_management.java,Passed. Execution successful,4571
applications/ctw/modules/jdk_management_agent.java,Passed. Execution successful,4632
applications/ctw/modules/jdk_management_jfr.java,Passed. Execution successful,4232
applications/ctw/modules/jdk_naming_dns.java,Passed. Execution successful,4738
applications/ctw/modules/jdk_naming_rmi.java,Passed. Execution successful,4320
applications/ctw/modules/jdk_net.java,Passed. Execution successful,4573
applications/ctw/modules/jdk_nio_mapmode.java,Passed. Execution successful,3865
applications/ctw/modules/jdk_sctp.java,Passed. Execution successful,4960
applications/ctw/modules/jdk_security_auth.java,Passed. Execution successful,4828
applications/ctw/modules/jdk_security_jgss.java,Passed. Execution successful,4434
applications/ctw/modules/jdk_unsupported.java,Passed. Execution successful,4926
applications/ctw/modules/jdk_unsupported_desktop.java,Passed. Execution successful,4758
applications/ctw/modules/jdk_xml_dom.java,Passed. Execution successful,4744
applications/ctw/modules/jdk_zipfs.java,Passed. Execution successful,5631
compiler/arraycopy/ACasLoadsStoresBadMem.java,Passed. Execution successful,814
compiler/arraycopy/TestACNonEscapingSrcBadAddPBaseType.java,Passed. Execution successful,1064
compiler/arraycopy/TestACSameSrcDst.java,Passed. Execution successful,665
compiler/arraycopy/TestArrayCloneBadAssert.java,Passed. Execution successful,597
compiler/arraycopy/TestArrayCopyAsLoadsStores.java#id0,Passed. Execution successful,2747
compiler/arraycopy/TestArrayCopyAsLoadsStores.java#id1,Passed. Execution successful,1724
compiler/arraycopy/TestArrayCopyBadReexec.java,Passed. Execution successful,753
compiler/arraycopy/TestArrayCopyConjoint.java,Passed. Execution successful,4546
compiler/arraycopy/TestArrayCopyDisjoint.java,Passed. Execution successful,3176
compiler/arraycopy/TestArrayCopyDisjointLarge.java,Passed. Execution successful,952
compiler/arraycopy/TestArrayCopyIntrinsicWithUCT.java,Passed. Execution successful,1088
compiler/arraycopy/TestArrayCopyMacro.java,Passed. Execution successful,847
compiler/arraycopy/TestArrayCopyMaskedWithSub.java,Passed. Execution successful,691
compiler/arraycopy/TestArrayCopyMaskedWithZeroSrc.java,Passed. Execution successful,826
compiler/arraycopy/TestArrayCopyMemoryChain.java,Passed. Execution successful,959
compiler/arraycopy/TestArrayCopyNoInit.java,Passed. Execution successful,1256
compiler/arraycopy/TestArrayCopyNoInitDeopt.java,Passed. Execution successful,3263
compiler/arraycopy/TestArrayCopyOfRangeGuards.java,Passed. Execution successful,1007
compiler/arraycopy/TestArrayCopyOfStopped.java,Passed. Execution successful,838
compiler/arraycopy/TestArrayCopyOverflowArguments.java,Passed. Execution successful,878
compiler/arraycopy/TestArrayCopyOverflowInBoundChecks.java,Passed. Execution successful,644
compiler/arraycopy/TestArrayCopyPartialInliningLoadSplit.java,Passed. Execution successful,656
compiler/arraycopy/TestArrayCopyStoppedAfterGuards.java,Passed. Execution successful,553
compiler/arraycopy/TestArrayCopyUNCBadMem.java,Passed. Execution successful,598
compiler/arraycopy/TestArrayCopyWithBadOffset.java,Passed. Execution successful,788
compiler/arraycopy/TestArraysCopyOfNoTypeCheck.java,Passed. Execution successful,771
compiler/arraycopy/TestBlockArrayCopyMisaligned.java,Passed. Execution successful,934
compiler/arraycopy/TestCloneAccess.java,Passed. Execution successful,858
compiler/arraycopy/TestCloneAccessStressGCM.java,Passed. Execution successful,993
compiler/arraycopy/TestCloneArrayWithDifferentLengthConstness.java,Passed. Execution successful,651
compiler/arraycopy/TestCloneUnknownClassAtParseTime.java,Passed. Execution successful,860
compiler/arraycopy/TestDeadArrayCopyOnMemChain.java,Passed. Execution successful,722
compiler/arraycopy/TestDeadCloneMem.java,Passed. Execution successful,811
compiler/arraycopy/TestDefaultMethodArrayCloneDeoptC2.java,Passed. Execution successful,2621
compiler/arraycopy/TestEliminateArrayCopy.java,Passed. Execution successful,2828
compiler/arraycopy/TestEliminatedArrayCopyDeopt.java,Passed. Execution successful,916
compiler/arraycopy/TestEliminatedArrayCopyPhi.java,Passed. Execution successful,707
compiler/arraycopy/TestEliminatedArrayLoopPredicateCopyDeopt.java,Passed. Execution successful,615
compiler/arraycopy/TestEliminatedCloneBadMemEdge.java,Passed. Execution successful,674
compiler/arraycopy/TestIllegalArrayCopyBeforeInfiniteLoop.java,Passed. Execution successful,718
compiler/arraycopy/TestInitializingACLoadWithBadMem.java,Passed. Execution successful,792
compiler/arraycopy/TestInstanceCloneAsLoadsStores.java,Passed. Execution successful,3611
compiler/arraycopy/TestLoadBypassACWithWrongMem.java,Passed. Execution successful,710
compiler/arraycopy/TestLoadBypassArrayCopy.java,Passed. Execution successful,577
compiler/arraycopy/TestMissingControl.java,Passed. Execution successful,626
compiler/arraycopy/TestNegativeArrayCopyAfterLoop.java,Passed. Execution successful,721
compiler/arraycopy/TestObjectArrayClone.java,Passed. Execution successful,10154
compiler/arraycopy/TestObjectArrayCopy.java,Passed. Execution successful,642
compiler/arraycopy/TestOutOfBoundsArrayLoad.java,Passed. Execution successful,2641
compiler/arraycopy/TestReduceBulkZeroingDisabled.java,Passed. Execution successful,7172
compiler/arraycopy/TestSubwordPartialInlining.java,Passed. Execution successful,4368
compiler/arraycopy/TestSunkLoadAntiDependency.java,Passed. Execution successful,1366
compiler/arraycopy/TestTailCallInArrayCopyStub.java,Passed. Execution successful,1060
compiler/arraycopy/TestTightlyCoupledAllocationAssert.java,Passed. Execution successful,720
compiler/c2/ClearArray.java,Passed. Execution successful,1605
compiler/c2/CompareKlassPointersTest.java,Passed. Execution successful,586
compiler/c2/FloatingPointFoldingTest.java,Passed. Execution successful,680
compiler/c2/IVTest.java,Passed. Execution successful,842
compiler/c2/InterruptedTest.java,Passed. Execution successful,5665
compiler/c2/IsInstanceTest.java,Passed. Execution successful,633
compiler/c2/LongCountedLoopAsUnswitchIff.java,Passed. Execution successful,554
compiler/c2/MinValueStrideCountedLoop.java#id0,Passed. Execution successful,575
compiler/c2/MinValueStrideCountedLoop.java#id1,Passed. Execution successful,576
compiler/c2/PolynomialRoot.java,Passed. Execution successful,1922
compiler/c2/ReachabilityFenceFlagsTest.java,Passed. Execution successful,22477
compiler/c2/ReachabilityFenceOnConstantTest.java,Passed. Execution successful,954
compiler/c2/ReachabilityFenceTest.java,Passed. Execution successful,7221
compiler/c2/StackOverflowInSetNextCall.java,Passed. Execution successful,1747
compiler/c2/SubsumingLoadsCauseFlagSpill.java,Passed. Execution successful,657
compiler/c2/Test5057225.java,Passed. Execution successful,1458
compiler/c2/Test5091921.java,Passed. Execution successful,643
compiler/c2/Test6186134.java,Passed. Execution successful,580
compiler/c2/Test6196102.java,Passed. Execution successful,1206
compiler/c2/Test6357214.java,Passed. Execution successful,741
compiler/c2/Test6443505.java,Passed. Execution successful,648
compiler/c2/Test6559156.java,Passed. Execution successful,602
compiler/c2/Test6636138_1.java,Passed. Execution successful,568
compiler/c2/Test6636138_2.java,Passed. Execution successful,616
compiler/c2/Test6646019.java,Passed. Execution successful,580
compiler/c2/Test6661247.java,Passed. Execution successful,1781
compiler/c2/Test6695810.java,Passed. Execution successful,647
compiler/c2/Test6700047.java,Passed. Execution successful,529
compiler/c2/Test6711100.java,Passed. Execution successful,534
compiler/c2/Test6724218.java,Passed. Execution successful,754
compiler/c2/Test6732154.java,Passed. Execution successful,710
compiler/c2/Test6741738.java,Passed. Execution successful,627
compiler/c2/Test6753639.java,Passed. Execution successful,766
compiler/c2/Test6795362.java,Passed. Execution successful,647
compiler/c2/Test6796786.java,Passed. Execution successful,690
compiler/c2/Test6799693.java,Passed. Execution successful,686
compiler/c2/Test6800154.java,Passed. Execution successful,1737
compiler/c2/Test6805724.java,Passed. Execution successful,2014
compiler/c2/Test6823453.java,Passed. Execution successful,649
compiler/c2/Test6832293.java,Passed. Execution successful,692
compiler/c2/Test6837011.java,Passed. Execution successful,686
compiler/c2/Test6837094.java,Passed. Execution successful,671
compiler/c2/Test6843752.java,Passed. Execution successful,826
compiler/c2/Test6851282.java,Passed. Execution successful,2228
compiler/c2/Test6863155.java,Passed. Execution successful,724
compiler/c2/Test6866651.java,Passed. Execution successful,3846
compiler/c2/Test6877254.java,Passed. Execution successful,7750
compiler/c2/Test6880034.java,Passed. Execution successful,706
compiler/c2/Test6885584.java,Passed. Execution successful,685
compiler/c2/Test6897150.java,Passed. Execution successful,619
compiler/c2/Test6901572.java,Passed. Execution successful,992
compiler/c2/Test6910484.java,Passed. Execution successful,662
compiler/c2/Test6910605_1.java,Passed. Execution successful,718
compiler/c2/Test6910605_2.java,Passed. Execution successful,796
compiler/c2/Test6916644.java,Passed. Execution successful,582
compiler/c2/Test6930043.java,Passed. Execution successful,725
compiler/c2/Test6931567.java,Passed. Execution successful,720
compiler/c2/Test6935022.java,Passed. Execution successful,665
compiler/c2/Test6956668.java,Passed. Execution successful,813
compiler/c2/Test6958485.java,Passed. Execution successful,662
compiler/c2/Test6959129.java,Passed. Execution successful,723
compiler/c2/Test6968348.java,Passed. Execution successful,653
compiler/c2/Test6973329.java,Passed. Execution successful,590
compiler/c2/Test6985295.java,Passed. Execution successful,720
compiler/c2/Test6992759.java,Passed. Execution successful,643
compiler/c2/Test7002666.java,Passed. Execution successful,732
compiler/c2/Test7005594.java,Passed. Execution successful,736
compiler/c2/Test7009359.java,Passed. Execution successful,802
compiler/c2/Test7017746.java,Passed. Execution successful,633
compiler/c2/Test7020614.java,Passed. Execution successful,867
compiler/c2/Test7024475.java,Passed. Execution successful,1406
compiler/c2/Test7029152.java,Passed. Execution successful,719
compiler/c2/Test7041100.java,Passed. Execution successful,748
compiler/c2/Test7046096.java#id0,Passed. Execution successful,782
compiler/c2/Test7046096.java#stringConcatInline,Passed. Execution successful,747
compiler/c2/Test7047069.java,Passed. Execution successful,2489
compiler/c2/Test7048332.java,Passed. Execution successful,1034
compiler/c2/Test7068051.java,Passed. Execution successful,1898
compiler/c2/Test7110586.java,Passed. Execution successful,818
compiler/c2/Test7125879.java,Passed. Execution successful,8377
compiler/c2/Test7160610.java,Passed. Execution successful,1425
compiler/c2/Test7169782.java,Passed. Execution successful,564
compiler/c2/Test7174363.java,Passed. Execution successful,819
compiler/c2/Test7177917.java,Passed. Execution successful,1645
compiler/c2/Test7179138_1.java,Passed. Execution successful,1139
compiler/c2/Test7179138_2.java#id0,Passed. Execution successful,713
compiler/c2/Test7179138_2.java#stringConcatInline,Passed. Execution successful,644
compiler/c2/Test7190310.java,Passed. Execution successful,1788
compiler/c2/Test7190310_unsafe.java,Passed. Execution successful,803
compiler/c2/Test7199742.java,Passed. Execution successful,786
compiler/c2/Test8000805.java,Passed. Execution successful,697
compiler/c2/Test8002069.java,Passed. Execution successful,813
compiler/c2/Test8007294.java,Passed. Execution successful,808
compiler/c2/Test8007722.java,Passed. Execution successful,854
compiler/c2/Test8202414.java,Passed. Execution successful,1580
compiler/c2/Test8217359.java,Passed. Execution successful,871
compiler/c2/Test8bitLogicalOperators.java,Passed. Execution successful,710
compiler/c2/TestAddXorIdeal.java,Passed. Execution successful,1508
compiler/c2/TestAllocatePrefetchStyle.java,Passed. Execution successful,1301
compiler/c2/TestAllocatePrefetchStyleLargeFlags.java,Passed. Execution successful,1060
compiler/c2/TestAndShiftZeroCCP.java,Passed. Execution successful,919
compiler/c2/TestBitSetAndReset.java,Passed. Execution successful,572
compiler/c2/TestCMoveHasTopInput.java,Passed. Execution successful,734
compiler/c2/TestCMoveIConAsBool.java,Passed. Execution successful,593
compiler/c2/TestCMoveInfiniteGVN.java,Passed. Execution successful,829
compiler/c2/TestCallDevirtualizationWithInfiniteLoop.java,Passed. Execution successful,678
compiler/c2/TestCastX2NotProcessedIGVN.java,Passed. Execution successful,5173
compiler/c2/TestCastX2P.java,Passed. Execution successful,1234
compiler/c2/TestCharShortByteSwap.java,Passed. Execution successful,977
compiler/c2/TestCondAddDeadBranch.java,Passed. Execution successful,2152
compiler/c2/TestDeadDataLoop.java,Passed. Execution successful,1147
compiler/c2/TestDeadDataLoopCmoveIdentity.java,Passed. Execution successful,711
compiler/c2/TestDeadDataLoopIGVN.java,Passed. Execution successful,2991
compiler/c2/TestDeadLoopAtMergeMem.java,Passed. Execution successful,1158
compiler/c2/TestDeadLoopSplitIfLoop.java,Passed. Execution successful,810
compiler/c2/TestDeadPhiMergeMemLoop.java,Passed. Execution successful,701
compiler/c2/TestDivModNodes.java,Passed. Execution successful,3960
compiler/c2/TestDominatingDeadCheckCast.java,Passed. Execution successful,902
compiler/c2/TestDuplicateSimpleLoopBackedge.java,Passed. Execution successful,1273
compiler/c2/TestEliminateRedundantConversionSequences.java,Passed. Execution successful,984
compiler/c2/TestExHandlerTrap.java#default_config,Passed. Execution successful,828
compiler/c2/TestExHandlerTrap.java#no_profiling,Passed. Execution successful,920
compiler/c2/TestFoldCompares.java,Passed. Execution successful,820
compiler/c2/TestFoldCompares2.java,Passed. Execution successful,745
compiler/c2/TestFoldIfRemovesTopNode.java,Passed. Execution successful,909
compiler/c2/TestGVNCrash.java,Passed. Execution successful,827
compiler/c2/TestGuardOfCastIIDoesntFold.java,Passed. Execution successful,833
compiler/c2/TestIfWithDeadRegion.java,Passed. Execution successful,755
compiler/c2/TestImplicitNullCheckDominance.java,Passed. Execution successful,897
compiler/c2/TestInfiniteLoopCompilationFailure.java,Passed. Execution successful,852
compiler/c2/TestJumpTable.java,Passed. Execution successful,1376
compiler/c2/TestLWLockingCodeGen.java,Passed. Execution successful,604
compiler/c2/TestLargeTreeOfSubNodes.java,Passed. Execution successful,925
compiler/c2/TestLiveNodeLimit.java,Passed. Execution successful,1442
compiler/c2/TestLoadKlassAntiDep.java,Passed. Execution successful,863
compiler/c2/TestLoadSplitThruPhiNull.java,Passed. Execution successful,1096
compiler/c2/TestMaskAndRShiftReorder.java,Passed. Execution successful,705
compiler/c2/TestMatcherLargeOffset.java,Passed. Execution successful,584
compiler/c2/TestMatcherTwoImmOffsets.java,Passed. Execution successful,666
compiler/c2/TestMergeStores.java#id0,Passed. Execution successful,28341
compiler/c2/TestMergeStores.java#id1,Passed. Execution successful,27591
compiler/c2/TestMergeStores.java#id2,Passed. Execution successful,27209
compiler/c2/TestMergeStoresAndAllocationElimination.java,Passed. Execution successful,1203
compiler/c2/TestMergeStoresMemorySegment.java#byte-array,Passed. Execution successful,5083
compiler/c2/TestMergeStoresMemorySegment.java#byte-buffer,Passed. Execution successful,3834
compiler/c2/TestMergeStoresMemorySegment.java#byte-buffer-direct,Passed. Execution successful,3767
compiler/c2/TestMergeStoresMemorySegment.java#char-array,Passed. Execution successful,3969
compiler/c2/TestMergeStoresMemorySegment.java#double-array,Passed. Execution successful,3912
compiler/c2/TestMergeStoresMemorySegment.java#float-array,Passed. Execution successful,3718
compiler/c2/TestMergeStoresMemorySegment.java#int-array,Passed. Execution successful,3851
compiler/c2/TestMergeStoresMemorySegment.java#long-array,Passed. Execution successful,4495
compiler/c2/TestMergeStoresMemorySegment.java#native,Passed. Execution successful,4134
compiler/c2/TestMergeStoresMemorySegment.java#short-array,Passed. Execution successful,3681
compiler/c2/TestMergeStoresNullAdrType.java,Passed. Execution successful,3999
compiler/c2/TestMergeStoresUnsafeArrayPointer.java,Passed. Execution successful,4270
compiler/c2/TestMinMaxSubword.java,Passed. Execution successful,3591
compiler/c2/TestMinValueStrideLongCountedLoop.java,Passed. Execution successful,855
compiler/c2/TestMismatchedAddPAfterMaxUnroll.java,Passed. Execution successful,922
compiler/c2/TestMissingOptAbsZeroMinusX.java,Passed. Execution successful,755
compiler/c2/TestMissingOptMoveX2YLoadX.java,Passed. Execution successful,701
compiler/c2/TestModControlFoldedAfterCCP.java,Passed. Execution successful,710
compiler/c2/TestModDivTopInput.java,Passed. Execution successful,777
compiler/c2/TestMulNodeInfiniteGVN.java,Passed. Execution successful,644
compiler/c2/TestMultiplyLongHiZero.java,Passed. Execution successful,858
compiler/c2/TestNPEHeapBased.java,Passed. Execution successful,817
compiler/c2/TestNotifyCastToXor.java,Passed. Execution successful,559
compiler/c2/TestNullRegionInputAtPhiMakePathDead.java,Passed. Execution successful,697
compiler/c2/TestReduceAllocationAndHeapDump.java,Passed. Execution successful,3669
compiler/c2/TestReduceAllocationAndMemoryLoop.java,Passed. Execution successful,747
compiler/c2/TestReduceAllocationAndNullableLoads.java,Passed. Execution successful,1071
compiler/c2/TestReduceAllocationAndPointerComparisons.java,Passed. Execution successful,674
compiler/c2/TestReducePhiOnCmpWithNoOptPtrCompare.java,Passed. Execution successful,2845
compiler/c2/TestRemoveMemBarPrecEdge.java,Passed. Execution successful,949
compiler/c2/TestRemoveSingleIterationLoop.java,Passed. Execution successful,826
compiler/c2/TestRenumberLiveNodesInfiniteLoop.java,Passed. Execution successful,17472
compiler/c2/TestReplaceEquivPhis.java,Passed. Execution successful,701
compiler/c2/TestReplaceNarrowPhiWithBottomPhi.java,Passed. Execution successful,2668
compiler/c2/TestReplacedNodesOSR.java,Passed. Execution successful,941
compiler/c2/TestRotateNegativeEvenValues.java,Passed. Execution successful,617
compiler/c2/TestShiftRightAndAccumulate.java#id0,Passed. Execution successful,14263
compiler/c2/TestShiftRightAndAccumulate.java#id1,Passed. Execution successful,3196
compiler/c2/TestSignExtract.java,Passed. Execution successful,584
compiler/c2/TestSkipLongToIntCast.java,Passed. Execution successful,630
compiler/c2/TestSubIdealC0Minus_YPlusC1_.java,Passed. Execution successful,1137
compiler/c2/TestSwitchStackOverflow.java,Passed. Execution successful,9326
compiler/c2/TestTopCastIIOnUndetectedDeadPath.java,Passed. Execution successful,1416
compiler/c2/TestTopCastIIOnUndetectedDeadPath2.java,Passed. Execution successful,1311
compiler/c2/TestTopCastIIOnUndetectedDeadPath3.java,Passed. Execution successful,840
compiler/c2/TestTopCastIIOnUndetectedDeadPath4.java#JDK-8293941,Passed. Execution successful,979
compiler/c2/TestTopCastIIOnUndetectedDeadPath4.java#JDK-8314111,Passed. Execution successful,825
compiler/c2/TestTopCastIIOnUndetectedDeadPath4.java#NoFlags,Passed. Execution successful,772
compiler/c2/TestUnalignedAccess.java,Passed. Execution successful,1012
compiler/c2/TestUnexpectedParallelIV.java,Passed. Execution successful,592
compiler/c2/TestUninitializedKlassField.java,Passed. Execution successful,731
compiler/c2/TestUnlockNodeNullMemprof.java,Passed. Execution successful,819
compiler/c2/TestUnreachableRegionDuringCCP.java,Passed. Execution successful,861
compiler/c2/TestUnresolvedConstantDynamic.java,Passed. Execution successful,1060
compiler/c2/TestUnsignedByteCompare.java,Passed. Execution successful,4801
compiler/c2/TestUnsignedByteCompare1.java,Passed. Execution successful,8128
compiler/c2/TestUnsignedCompareIntoEqualityNotCanonical.java,Passed. Execution successful,639
compiler/c2/TestVerifyLoopOptimizationsHighMemUsage.java,Passed. Execution successful,731
compiler/c2/UpcastTest.java,Passed. Execution successful,715
compiler/classUnloading/methodUnloading/TestMethodUnloading.java,Passed. Execution successful,3134
compiler/codecache/CheckLargePages.java,Passed. Execution successful,3766
compiler/codecache/CheckReservedInitialCodeCacheSizeArgOrder.java,Passed. Execution successful,1774
compiler/codecache/CheckSegmentedCodeCache.java,Passed. Execution successful,4313
compiler/codecache/CheckUpperLimit.java,Passed. Execution successful,1764
compiler/codecache/CodeCacheSegmentSizeTest.java,Passed. Execution successful,1596
compiler/codecache/MHIntrinsicAllocFailureTest.java,Passed. Execution successful,3093
compiler/codecache/OverflowCodeCacheTest.java#id0,Passed. Execution successful,3100
compiler/codecache/OverflowCodeCacheTest.java#id1,Passed. Execution successful,2919
compiler/codegen/BMI1.java,Passed. Execution successful,1304
compiler/codegen/BMI2.java,Passed. Execution successful,690
compiler/codegen/BadLogicCode.java,Passed. Execution successful,707
compiler/codegen/BitTests.java,Passed. Execution successful,2542
compiler/codegen/C1NullCheckOfNullStore.java,Passed. Execution successful,679
compiler/codegen/CRCTest.java,Passed. Execution successful,1225
compiler/codegen/ClearArrayTest.java,Passed. Execution successful,730
compiler/codegen/IntRotateWithImmediate.java,Passed. Execution successful,877
compiler/codegen/LoadWithMask.java,Passed. Execution successful,550
compiler/codegen/LoadWithMask2.java,Passed. Execution successful,601
compiler/codegen/ShiftByZero.java,Passed. Execution successful,654
compiler/codegen/ShiftTest.java,Passed. Execution successful,1172
compiler/codegen/Test6378821.java,Passed. Execution successful,701
compiler/codegen/Test6431242.java,Passed. Execution successful,739
compiler/codegen/Test6797305.java,Passed. Execution successful,716
compiler/codegen/Test6814842.java,Passed. Execution successful,818
compiler/codegen/Test6823354.java,Passed. Execution successful,2071
compiler/codegen/Test6875866.java,Passed. Execution successful,7665
compiler/codegen/Test6879902.java,Passed. Execution successful,597
compiler/codegen/Test6909839.java,Passed. Execution successful,736
compiler/codegen/Test6935535.java#id0,Passed. Execution successful,7252
compiler/codegen/Test6942326.java,Passed. Execution successful,3027
compiler/codegen/Test7009231.java,Passed. Execution successful,699
compiler/codegen/Test7100757.java,Passed. Execution successful,1604
compiler/codegen/Test8005033.java,Passed. Execution successful,679
compiler/codegen/Test8011901.java,Passed. Execution successful,1020
compiler/codegen/TestAntiDependenciesHighMemUsage.java,Passed. Execution successful,3682
compiler/codegen/TestAntiDependenciesHighMemUsage2.java,Passed. Execution successful,5346
compiler/codegen/TestBooleanVect.java,Passed. Execution successful,2187
compiler/codegen/TestByteDoubleVect.java,Passed. Execution successful,2782
compiler/codegen/TestByteFloatVect.java,Passed. Execution successful,2417
compiler/codegen/TestByteIntVect.java,Passed. Execution successful,1574
compiler/codegen/TestByteLongVect.java,Passed. Execution successful,2296
compiler/codegen/TestByteShortVect.java,Passed. Execution successful,1335
compiler/codegen/TestByteVect.java,Passed. Execution successful,2446
compiler/codegen/TestCharShortVect.java,Passed. Execution successful,1405
compiler/codegen/TestCharVect.java,Passed. Execution successful,2269
compiler/codegen/TestCharVect2.java#id0,Passed. Execution successful,2453
compiler/codegen/TestCharVect2.java#id1,Passed. Execution successful,4637
compiler/codegen/TestCheckCastPPRawOopSchedulingAtSafepoint.java,Passed. Execution successful,1059
compiler/codegen/TestConvertImplicitNullCheck.java,Passed. Execution successful,531
compiler/codegen/TestDoubleVect.java,Passed. Execution successful,1532
compiler/codegen/TestFloatDoubleVect.java,Passed. Execution successful,2048
compiler/codegen/TestFloatVect.java,Passed. Execution successful,1843
compiler/codegen/TestGCMLoadPlacement.java,Passed. Execution successful,1282
compiler/codegen/TestGCMStorePlacement.java,Passed. Execution successful,2185
compiler/codegen/TestIntDoubleVect.java,Passed. Execution successful,2218
compiler/codegen/TestIntFloatVect.java,Passed. Execution successful,1289
compiler/codegen/TestIntLongVect.java,Passed. Execution successful,2013
compiler/codegen/TestIntVect.java,Passed. Execution successful,2032
compiler/codegen/TestLongDoubleVect.java,Passed. Execution successful,1278
compiler/codegen/TestLongFloatVect.java,Passed. Execution successful,2267
compiler/codegen/TestLongVect.java,Passed. Execution successful,2160
compiler/codegen/TestMultiMemInstructionMatching.java,Passed. Execution successful,629
compiler/codegen/TestOopCmp.java,Passed. Execution successful,3012
compiler/codegen/TestRedundantLea.java#GetAndSet,Passed. Execution successful,3768
compiler/codegen/TestRedundantLea.java#StoreNParallel,Passed. Execution successful,4206
compiler/codegen/TestRedundantLea.java#StoreNSerial,Passed. Execution successful,4570
compiler/codegen/TestRedundantLea.java#StringEquals,Passed. Execution successful,4602
compiler/codegen/TestRedundantLea.java#StringInflate,Passed. Execution successful,4990
compiler/codegen/TestShortDoubleVect.java,Passed. Execution successful,2331
compiler/codegen/TestShortFloatVect.java,Passed. Execution successful,2238
compiler/codegen/TestShortIntVect.java,Passed. Execution successful,1622
compiler/codegen/TestShortLongVect.java,Passed. Execution successful,2217
compiler/codegen/TestShortVect.java,Passed. Execution successful,2344
compiler/codegen/TestSignedMultiplyLong.java,Passed. Execution successful,5229
compiler/codegen/TestTrichotomyExpressions.java,Passed. Execution successful,11360
compiler/gcbarriers/EqvUncastStepOverBarrier.java,Passed. Execution successful,2322
compiler/gcbarriers/G1CrashTest.java,Passed. Execution successful,727
compiler/gcbarriers/TestArrayCopyWithLargeObjectAlignment.java,Passed. Execution successful,738
compiler/gcbarriers/TestG1BarrierGeneration.java,Passed. Execution successful,5895
compiler/gcbarriers/TestImplicitNullChecks.java,Passed. Execution successful,3220
compiler/gcbarriers/TestMembarDependencies.java,Passed. Execution successful,1767
compiler/gcbarriers/TestMinMaxLongLoopBarrier.java,Passed. Execution successful,5650
compiler/gcbarriers/TestZGCBarrierElision.java#id0,Passed. Execution successful,4472
compiler/gcbarriers/TestZGCBarrierElision.java#id1,Passed. Execution successful,4974
compiler/gcbarriers/TestZGCUnrolling.java,Passed. Execution successful,4714
compiler/gcbarriers/UnsafeIntrinsicsTest.java#Shenandoah,Passed. Execution successful,22594
compiler/gcbarriers/UnsafeIntrinsicsTest.java#Z,Passed. Execution successful,22744
compiler/igvn/CastLLBits.java,Passed. Execution successful,921
compiler/igvn/ClashingSpeculativeTypePhiNode.java,Passed. Execution successful,822
compiler/igvn/CmpDisjointButNonOrderedRanges.java,Passed. Execution successful,726
compiler/igvn/CmpDisjointButNonOrderedRanges2.java,Passed. Execution successful,727
compiler/igvn/CmpDisjointButNonOrderedRangesLong.java,Passed. Execution successful,4375
compiler/igvn/ExpressionFuzzer.java,Passed. Execution successful,11887
compiler/igvn/IntegerDivValueTests.java,Passed. Execution successful,4411
compiler/igvn/MissedOptimizationWithCastX2PSubX.java,Passed. Execution successful,945
compiler/igvn/RemoveDeadRegionFromVectorizedMismatchIntrinsic.java,Passed. Execution successful,772
compiler/igvn/TestFoldComparesCleanup.java,Passed. Execution successful,904
compiler/igvn/TestIncorrectDeadPathTypeNode.java,Passed. Execution successful,1408
compiler/igvn/TestMinMaxIdeal.java,Passed. Execution successful,5583
compiler/igvn/TestMinMaxIdentity.java,Passed. Execution successful,5976
compiler/igvn/TestNodeWithNoUseAfterPhiIdeal.java,Passed. Execution successful,827
compiler/igvn/TestShiftWorklist.java,Passed. Execution successful,1051
compiler/igvn/TestSplitPhiThroughMergeMem.java,Passed. Execution successful,1347
compiler/intrinsics/BitCountIAarch64PreservesArgument.java#id0,Passed. Execution successful,1590
compiler/intrinsics/BitCountIAarch64PreservesArgument.java#id1,Passed. Execution successful,2340
compiler/intrinsics/IntrinsicAvailableTest.java,Passed. Execution successful,4044
compiler/intrinsics/IntrinsicDisabledTest.java,Passed. Execution successful,3694
compiler/intrinsics/SortingDeoptimizationTest.java,Passed. Execution successful,27924
compiler/intrinsics/Test6982370.java,Passed. Execution successful,798
compiler/intrinsics/Test8005419.java,Passed. Execution successful,779
compiler/intrinsics/Test8215792.java,Passed. Execution successful,820
compiler/intrinsics/Test8237524.java,Passed. Execution successful,622
compiler/intrinsics/TestArrayGuardWithInterfaces.java,Passed. Execution successful,816
compiler/intrinsics/TestArraysHashCode.java,Passed. Execution successful,790
compiler/intrinsics/TestBitShuffleOpers.java,Passed. Execution successful,21100
compiler/intrinsics/TestCheckIndex.java,Passed. Execution successful,3408
compiler/intrinsics/TestCompareUnsigned.java,Passed. Execution successful,3940
compiler/intrinsics/TestContinuationPinningAndEA.java,Passed. Execution successful,905
compiler/intrinsics/TestDoubleIsInfinite.java,Passed. Execution successful,4407
compiler/intrinsics/TestFloatIsInfinite.java,Passed. Execution successful,3762
compiler/intrinsics/TestIntegerUnsignedDivMod.java,Passed. Execution successful,3970
compiler/intrinsics/TestLongUnsignedDivMod.java,Passed. Execution successful,5483
compiler/intrinsics/TestPopCountValueTransforms.java,Passed. Execution successful,5261
compiler/intrinsics/TestReferenceGet.java,Passed. Execution successful,1430
compiler/intrinsics/TestReferenceGetWithNull.java,Passed. Execution successful,768
compiler/intrinsics/TestReferenceRefersTo.java,Passed. Execution successful,864
compiler/intrinsics/TestReturnOopSetForJFRWriteCheckpoint.java,Passed. Execution successful,9267
compiler/intrinsics/TestRotate.java,Passed. Execution successful,3197
compiler/intrinsics/VectorIntoArrayInvalidControlFlow.java,Passed. Execution successful,943
compiler/intrinsics/VectorizedMismatchTest.java,Passed. Execution successful,1146
compiler/intrinsics/bigInteger/MontgomeryMultiplyTest.java,Passed. Execution successful,5025
compiler/intrinsics/bigInteger/TestMulAdd.java,Passed. Execution successful,2669
compiler/intrinsics/bigInteger/TestMultiplyToLen.java,Passed. Execution successful,8243
compiler/intrinsics/bigInteger/TestMultiplyToLenReturnProfile.java,Passed. Execution successful,744
compiler/intrinsics/bigInteger/TestShift.java,Passed. Execution successful,4391
compiler/intrinsics/bigInteger/TestSquareToLen.java,Passed. Execution successful,2261
compiler/intrinsics/zip/TestAdler32.java,Passed. Execution successful,5873
compiler/intrinsics/zip/TestCRC32.java,Passed. Execution successful,2671
compiler/intrinsics/zip/TestCRC32C.java,Passed. Execution successful,2818
compiler/intrinsics/zip/TestFpRegsABI.java,Passed. Execution successful,4870
compiler/loopopts/BadPredicateAfterPartialPeel.java,Passed. Execution successful,1183
compiler/loopopts/ConstFPVectorization.java,Passed. Execution successful,574
compiler/loopopts/CountedLoopPeelingProfilePredicates.java,Passed. Execution successful,666
compiler/loopopts/CountedLoopProblem.java,Passed. Execution successful,860
compiler/loopopts/FillArrayWithUnsafe.java,Passed. Execution successful,669
compiler/loopopts/InfiniteLoopBadControlNeverBranch.java,Passed. Execution successful,17978
compiler/loopopts/InvariantCodeMotionReassociateAddSub.java,Passed. Execution successful,4155
compiler/loopopts/InvariantCodeMotionReassociateCmp.java,Passed. Execution successful,3290
compiler/loopopts/IterationSplitPredicateInconsistency.java,Passed. Execution successful,1418
compiler/loopopts/LoadVectorFromStableArray.java,Passed. Execution successful,699
compiler/loopopts/LoopReductionHasControlOrBadInput.java,Passed. Execution successful,673
compiler/loopopts/LoopRotateBadNodeBudget.java,Passed. Execution successful,1047
compiler/loopopts/LoopUnrollBadNodeBudget.java,Passed. Execution successful,584
compiler/loopopts/LoopUnswitchingBadNodeBudget.java,Passed. Execution successful,818
compiler/loopopts/PartialPeelingUnswitch.java,Passed. Execution successful,4617
compiler/loopopts/PeelingAndLoopStripMining.java,Passed. Execution successful,676
compiler/loopopts/PeelingZeroTripCount.java,Passed. Execution successful,702
compiler/loopopts/SplitIfSharedFastLockBehindCastPP.java,Passed. Execution successful,704
compiler/loopopts/StoreMovedBeforeInfiniteLoop.java,Passed. Execution successful,640
compiler/loopopts/Test6659207.java,Passed. Execution successful,531
compiler/loopopts/Test6855164.java,Passed. Execution successful,692
compiler/loopopts/Test6860469.java,Passed. Execution successful,644
compiler/loopopts/Test7044738.java,Passed. Execution successful,729
compiler/loopopts/Test7052494.java,Passed. Execution successful,1129
compiler/loopopts/Test8210392.java,Passed. Execution successful,538
compiler/loopopts/Test8211698.java,Passed. Execution successful,663
compiler/loopopts/TestAddPChainWithDifferentBase.java,Passed. Execution successful,653
compiler/loopopts/TestArrayFillAntiDependence.java,Passed. Execution successful,1412
compiler/loopopts/TestArrayFillIntrinsic.java,Passed. Execution successful,5177
compiler/loopopts/TestArraysFillDeadControl.java,Passed. Execution successful,1017
compiler/loopopts/TestAssertPredicatePeeling.java,Passed. Execution successful,643
compiler/loopopts/TestBackedgeLoadArrayFillMain.java,Passed. Execution successful,1072
compiler/loopopts/TestBadControlAfterPreMainPost.java,Passed. Execution successful,751
compiler/loopopts/TestBadControlLoopLimitCheck.java,Passed. Execution successful,917
compiler/loopopts/TestBadCountedLoopLimit.java,Passed. Execution successful,811
compiler/loopopts/TestBadlyFormedCountedLoop.java,Passed. Execution successful,721
compiler/loopopts/TestBaseCountedEndLoopUnswitchCandidate.java,Passed. Execution successful,831
compiler/loopopts/TestBeautifyLoops.java,Passed. Execution successful,633
compiler/loopopts/TestBeautifyLoops_2.java,Passed. Execution successful,854
compiler/loopopts/TestBoxingInfiniteLoopBrokenIf.java,Passed. Execution successful,5328
compiler/loopopts/TestBrokenAntiDependenceWithPhi.java,Passed. Execution successful,760
compiler/loopopts/TestCMovSplitThruPhi.java,Passed. Execution successful,706
compiler/loopopts/TestCMovWithOpaque.java,Passed. Execution successful,978
compiler/loopopts/TestCMoveLimitType.java#id0,Passed. Execution successful,1453
compiler/loopopts/TestCMoveLimitType.java#id1,Passed. Execution successful,1036
compiler/loopopts/TestCMoveWithDeadPhi.java,Passed. Execution successful,3701
compiler/loopopts/TestCanonicalLoopEntryOpaqueOrder.java,Passed. Execution successful,961
compiler/loopopts/TestCastFFAtPhi.java,Passed. Execution successful,1025
compiler/loopopts/TestCastIIMakesMainLoopPhiDead.java,Passed. Execution successful,745
compiler/loopopts/TestCastIIMakesMainLoopPhiDead2.java,Passed. Execution successful,611
compiler/loopopts/TestCastIINoLoopLimitCheck.java,Passed. Execution successful,562
compiler/loopopts/TestCountedLoopBadIVRange.java,Passed. Execution successful,600
compiler/loopopts/TestCountedLoopCastIV.java,Passed. Execution successful,4457
compiler/loopopts/TestCountedLoopInsideInfiniteLoopMain.java,Passed. Execution successful,1033
compiler/loopopts/TestCountedLoopPhiValue.java,Passed. Execution successful,1260
compiler/loopopts/TestCountedLoopSafepointBackedge.java,Passed. Execution successful,738
compiler/loopopts/TestCountedLoopZeroIter.java,Passed. Execution successful,683
compiler/loopopts/TestCreateExSunkOutOfLoop.java,Passed. Execution successful,34017
compiler/loopopts/TestCreateExSunkOutOfLoop2.java,Passed. Execution successful,1115
compiler/loopopts/TestCreateNewIfForPredicateCloning.java,Passed. Execution successful,678
compiler/loopopts/TestDeadBackbranchArrayAccess.java,Passed. Execution successful,516
compiler/loopopts/TestDeadCountedLoop.java,Passed. Execution successful,533
compiler/loopopts/TestDeadIrreducibleLoopsMain.java#id0,Passed. Execution successful,665
compiler/loopopts/TestDeadIrreducibleLoopsMain.java#id1,Passed. Execution successful,699
compiler/loopopts/TestDeadIrreducibleLoopsMain.java#id2,Passed. Execution successful,762
compiler/loopopts/TestDeadIrreducibleLoopsMain.java#id3,Passed. Execution successful,639
compiler/loopopts/TestDeadPostLoopBecausePredicate.java,Passed. Execution successful,552
compiler/loopopts/TestDepBetweenLoopAndPredicate.java,Passed. Execution successful,545
compiler/loopopts/TestDivWithTopDivisor.java,Passed. Execution successful,509
compiler/loopopts/TestDivZeroCheckControl.java,Passed. Execution successful,1131
compiler/loopopts/TestDivZeroDominatedBy.java,Passed. Execution successful,653
compiler/loopopts/TestDivZeroWithSplitIf.java,Passed. Execution successful,683
compiler/loopopts/TestEliminateNullCheckWithSplitIf.java,Passed. Execution successful,770
compiler/loopopts/TestEmptyLoopMultiplePhis.java,Passed. Execution successful,609
compiler/loopopts/TestEmptyPreLoopForDifferentMainLoop.java,Passed. Execution successful,653
compiler/loopopts/TestHasTruncationWrap.java#Xcomp,Passed. Execution successful,3063
compiler/loopopts/TestHasTruncationWrap.java#vanilla,Passed. Execution successful,3257
compiler/loopopts/TestIdomAfterLoopUnswitching.java,Passed. Execution successful,584
compiler/loopopts/TestIfReplacedByMainLoopExit.java,Passed. Execution successful,690
compiler/loopopts/TestImpossibleIV.java,Passed. Execution successful,597
compiler/loopopts/TestInfLoopNearUsePlacement.java,Passed. Execution successful,3406
compiler/loopopts/TestInfiniteLoopCCP.java,Passed. Execution successful,3588
compiler/loopopts/TestInfiniteLoopNest.java,Passed. Execution successful,3548
compiler/loopopts/TestInfiniteLoopNotInnerMost.java,Passed. Execution successful,543
compiler/loopopts/TestInfiniteLoopWithUnmergedBackedgesMain.java,Passed. Execution successful,560
compiler/loopopts/TestInlinedSplitFallInIrreducibleLoopStatusMain.java,Passed. Execution successful,571
compiler/loopopts/TestIrreducibleLoopWithVNNI.java,Passed. Execution successful,608
compiler/loopopts/TestIterationSplitWithRegionHead.java,Passed. Execution successful,558
compiler/loopopts/TestIterationSplitWithSunkStores.java,Passed. Execution successful,958
compiler/loopopts/TestLimitLoadBelowLoopLimitCheck.java,Passed. Execution successful,603
compiler/loopopts/TestLoadPinnedAfterAllocate.java,Passed. Execution successful,749
compiler/loopopts/TestLogSum.java,Passed. Execution successful,847
compiler/loopopts/TestLongCountedLoopInInfiniteLoop.java,Passed. Execution successful,655
compiler/loopopts/TestLoopEndNodeEliminate.java,Passed. Execution successful,1295
compiler/loopopts/TestLoopLimitNodeElimination.java,Passed. Execution successful,612
compiler/loopopts/TestLoopLimitOverflowDuringCCP.java,Passed. Execution successful,600
compiler/loopopts/TestLoopLimitOverflowDuringSplitThruPhi.java,Passed. Execution successful,836
compiler/loopopts/TestLoopLimitSubtractionsCollapse.java,Passed. Execution successful,3010
compiler/loopopts/TestLoopPeeling.java,Passed. Execution successful,1957
compiler/loopopts/TestLoopPredicateDep.java,Passed. Execution successful,1741
compiler/loopopts/TestLoopPredicationDivZeroCheck.java,Passed. Execution successful,3155
compiler/loopopts/TestLoopUnswitchingLostCastDependency.java,Passed. Execution successful,673
compiler/loopopts/TestLostDependencyOnZeroTripGuard.java,Passed. Execution successful,677
compiler/loopopts/TestMainBodyExecutedOnce.java,Passed. Execution successful,613
compiler/loopopts/TestMainNeverExecuted.java,Passed. Execution successful,624
compiler/loopopts/TestMalformedControlIrreducibleLoop.java,Passed. Execution successful,609
compiler/loopopts/TestMaxLoopOptsCountReached.java,Passed. Execution successful,10633
compiler/loopopts/TestMissedOpaqueInPredicate.java,Passed. Execution successful,793
compiler/loopopts/TestMoveStoreAfterInfiniteLoop.java,Passed. Execution successful,595
compiler/loopopts/TestMoveStoresOutOfLoops.java,Passed. Execution successful,1480
compiler/loopopts/TestMoveStoresOutOfLoopsStoreNoCtrl.java,Passed. Execution successful,521
compiler/loopopts/TestMultipleInfiniteLoops.java,Passed. Execution successful,1220
compiler/loopopts/TestNestedIrreducibleLoopsMain.java,Passed. Execution successful,851
compiler/loopopts/TestNodeSunkFromPreLoop.java,Passed. Execution successful,635
compiler/loopopts/TestNotifyOpaqueZeroTripGuardToCmpI.java,Passed. Execution successful,568
compiler/loopopts/TestOneIterationStripMined.java,Passed. Execution successful,514
compiler/loopopts/TestOnlyInfiniteLoopsMain.java,Passed. Execution successful,671
compiler/loopopts/TestOpaqueZeroTripGuardPostLoopRemoval.java,Passed. Execution successful,578
compiler/loopopts/TestOptimizeFillWithStripMinedLoop.java,Passed. Execution successful,642
compiler/loopopts/TestOverUnrolling2.java,Passed. Execution successful,868
compiler/loopopts/TestOverunrolling.java,Passed. Execution successful,6149
compiler/loopopts/TestPartialPeelAtUnsignedTests.java,Passed. Execution successful,798
compiler/loopopts/TestPartialPeelAtUnsignedTestsNegativeLimit.java#Xbatch,Passed. Execution successful,19436
compiler/loopopts/TestPartialPeelAtUnsignedTestsNegativeLimit.java#Xcomp-compile-test,Passed. Execution successful,20273
compiler/loopopts/TestPartialPeelAtUnsignedTestsNegativeLimit.java#Xcomp-run-inline,Passed. Execution successful,17412
compiler/loopopts/TestPartialPeelAtUnsignedTestsNegativeLimit.java#vanilla,Passed. Execution successful,20261
compiler/loopopts/TestPartialPeelingAtSingleInputRegion.java,Passed. Execution successful,590
compiler/loopopts/TestPartialPeelingSinkNodes.java,Passed. Execution successful,890
compiler/loopopts/TestPeelingNeverEnteredLoop.java,Passed. Execution successful,965
compiler/loopopts/TestPeelingRemoveDominatedTest.java,Passed. Execution successful,667
compiler/loopopts/TestPeelingSkeletonPredicateInitialization.java,Passed. Execution successful,677
compiler/loopopts/TestPhaseCFGNeverBranchToGotoMain.java#id0,Passed. Execution successful,613
compiler/loopopts/TestPhaseCFGNeverBranchToGotoMain.java#id1,Passed. Execution successful,141
compiler/loopopts/TestPhiInSkeletonPredicateExpression.java,Passed. Execution successful,943
compiler/loopopts/TestPreMainPostFallInEdges.java,Passed. Execution successful,693
compiler/loopopts/TestPredicateInputBelowLoopPredicate.java,Passed. Execution successful,1176
compiler/loopopts/TestPredicateLostDependency.java,Passed. Execution successful,584
compiler/loopopts/TestRCEAfterUnrolling.java,Passed. Execution successful,613
compiler/loopopts/TestRangeCheckPredicatesControl.java,Passed. Execution successful,1691
compiler/loopopts/TestReassociateInvariants.java,Passed. Execution successful,5052
compiler/loopopts/TestRedundantSafepointElimination.java,Passed. Execution successful,6845
compiler/loopopts/TestRemixAddressExpressionsWithIrreducibleLoop.java,Passed. Execution successful,710
compiler/loopopts/TestRemoveEmptyCountedLoop.java,Passed. Execution successful,752
compiler/loopopts/TestRemoveEmptyLoop.java,Passed. Execution successful,1518
compiler/loopopts/TestRemoveMainPostLoops.java,Passed. Execution successful,715
compiler/loopopts/TestSinkingDivisorLostPin.java,Passed. Execution successful,869
compiler/loopopts/TestSinkingLoadInputOfPhi.java,Passed. Execution successful,768
compiler/loopopts/TestSinkingMoreThan2AddPNodes.java,Passed. Execution successful,3758
compiler/loopopts/TestSinkingNodesCausesLongCompilation.java,Passed. Execution successful,1969
compiler/loopopts/TestSkeletonPredicateNegation.java,Passed. Execution successful,719
compiler/loopopts/TestSplitIfBlocksDisabled.java,Passed. Execution successful,8587
compiler/loopopts/TestSplitIfNewIrreducibleLoop.java,Passed. Execution successful,756
compiler/loopopts/TestSplitIfOpaque1.java,Passed. Execution successful,1637
compiler/loopopts/TestSplitIfPinnedCMove.java,Passed. Execution successful,654
compiler/loopopts/TestSplitIfPinnedLoadInStripMinedLoop.java,Passed. Execution successful,948
compiler/loopopts/TestSplitIfUnswitchedLoopsEliminated.java,Passed. Execution successful,778
compiler/loopopts/TestSplitThruPhiDivMod.java,Passed. Execution successful,662
compiler/loopopts/TestSplitThruPhiInfinitely.java,Passed. Execution successful,3215
compiler/loopopts/TestSplitThruPhiRemoveDeadNodesFromLoopBody.java#vanilla,Passed. Execution successful,782
compiler/loopopts/TestSplitThruPhiRemoveDeadNodesFromLoopBody.java#with-flags,Passed. Execution successful,704
compiler/loopopts/TestStoreSunkInInnerLoop.java,Passed. Execution successful,711
compiler/loopopts/TestStrangeControl.java,Passed. Execution successful,6147
compiler/loopopts/TestStressLongCountedLoopInfiniteLoop.java,Passed. Execution successful,1194
compiler/loopopts/TestStripMinedBackToBackIfs.java,Passed. Execution successful,819
compiler/loopopts/TestSunkCastOnUnreachablePath.java,Passed. Execution successful,631
compiler/loopopts/TestSunkNodeDueToBrokenAntiDependency.java,Passed. Execution successful,620
compiler/loopopts/TestSunkNodeInInfiniteLoop.java,Passed. Execution successful,17551
compiler/loopopts/TestSunkNodeMissingCastAssert.java,Passed. Execution successful,692
compiler/loopopts/TestTruncationWrapEmptyType.java,Passed. Execution successful,723
compiler/loopopts/TestUndetectedLoopInInfiniteLoop.java,Passed. Execution successful,640
compiler/loopopts/TestUnexpectedOpaque1.java,Passed. Execution successful,736
compiler/loopopts/TestUnreachableInnerLoop.java,Passed. Execution successful,630
compiler/loopopts/TestUnrollLimitPreciseType.java#test1,Passed. Execution successful,606
compiler/loopopts/TestUnrollLimitPreciseType.java#test2,Passed. Execution successful,679
compiler/loopopts/TestUnsupportedConditionalMove.java,Passed. Execution successful,856
compiler/loopopts/TestUnswitchCloneSkeletonPredicates.java,Passed. Execution successful,1176
compiler/loopopts/TestUnswitchOverunrolling.java,Passed. Execution successful,828
compiler/loopopts/TestUnswitchPredicateCloning.java,Passed. Execution successful,3293
compiler/loopopts/TestUnswitchWithSunkNodes.java,Passed. Execution successful,789
compiler/loopopts/TestValidTypeInOverflowProtection.java,Passed. Execution successful,985
compiler/loopopts/TestVerifyLoopOptimizationsHitsMemLimit.java,Passed. Execution successful,888
compiler/loopopts/TestWrongCMovSplitIf.java,Passed. Execution successful,738
compiler/loopopts/TestWrongOffsetConstantArrayConstant.java,Passed. Execution successful,706
compiler/loopopts/TestZeroTripGuardShared.java,Passed. Execution successful,3612
compiler/loopopts/TooStrictAssertForUnrollAfterPeeling.java,Passed. Execution successful,3626
compiler/loopopts/UnrollWideLoopHitsTooStrictAssert.java,Passed. Execution successful,942
compiler/loopopts/VerifyGraphEdgesWithDeadCodeCheckFromSafepoints.java,Passed. Execution successful,5709
compiler/runtime/JITClassInit.java,Passed. Execution successful,680
compiler/runtime/SpreadNullArg.java,Passed. Execution successful,618
compiler/runtime/StackOverflowBug.java,Passed. Execution successful,594
compiler/runtime/Test6778657.java,Passed. Execution successful,509
compiler/runtime/Test6826736.java,Passed. Execution successful,646
compiler/runtime/Test6859338.java,Passed. Execution successful,8479
compiler/runtime/Test6863420.java,Passed. Execution successful,3006
compiler/runtime/Test6892265.java,Passed. Execution successful,577
compiler/runtime/Test7088020.java,Passed. Execution successful,498
compiler/runtime/Test7196199.java,Passed. Execution successful,4027
compiler/runtime/Test8010927.java,Passed. Execution successful,2264
compiler/runtime/TestConstantDynamic.java,Passed. Execution successful,2956
compiler/runtime/TestConstantsInError.java,Passed. Execution successful,3873
compiler/runtime/TestDontCompileHugeMethods.java,Passed. Execution successful,2428
compiler/runtime/TestFloatsOnStackDeopt.java,Passed. Execution successful,807
gc/ArraySize.java,Passed. Execution successful,659
gc/InfiniteList.java,Passed. Execution successful,867
gc/TestAgeOutput.java#id0,Passed. Execution successful,3324
gc/TestAgeOutput.java#id1,Passed. Execution successful,3106
gc/TestAllocHumongousFragment.java#compact,Passed. Execution successful,7192
gc/TestAllocHumongousFragment.java#generational,Passed. Execution successful,19312
gc/TestAllocHumongousFragment.java#passive,Passed. Execution successful,32109
gc/TestAllocateHeapAt.java,Passed. Execution successful,1498
gc/TestAllocateHeapAtError.java,Passed. Execution successful,1441
gc/TestAllocateHeapAtMultiple.java,Passed. Execution successful,1964
gc/TestAlwaysPreTouchBehavior.java#Epsilon,Passed. Execution successful,2698
gc/TestAlwaysPreTouchBehavior.java#G1,Passed. Execution successful,2566
gc/TestAlwaysPreTouchBehavior.java#ParallelCollector,Passed. Execution successful,2442
gc/TestAlwaysPreTouchBehavior.java#SerialCollector,Passed. Execution successful,2600
gc/TestAlwaysPreTouchBehavior.java#Shenandoah,Passed. Execution successful,2489
gc/TestAlwaysPreTouchBehavior.java#Z,Passed. Execution successful,2890
gc/TestBigObj.java,Passed. Execution successful,1676
gc/TestCardTablePageCommits.java,Passed. Execution successful,1837
gc/TestConcurrentGCBreakpoints.java,Passed. Execution successful,2141
gc/TestDisableExplicitGC.java,Passed. Execution successful,1030
gc/TestFillerObjectInstantiation.java,Passed. Execution successful,588
gc/TestFullGCCount.java,Passed. Execution successful,746
gc/TestGenerationPerfCounter.java#id0,Passed. Execution successful,1778
gc/TestGenerationPerfCounter.java#id1,Passed. Execution successful,1645
gc/TestGenerationPerfCounter.java#id2,Passed. Execution successful,1619
gc/TestHumongousReferenceObject.java#id0,Passed. Execution successful,848
gc/TestHumongousReferenceObject.java#id1,Passed. Execution successful,1409
gc/TestHumongousReferenceObject.java#id2,Passed. Execution successful,1069
gc/TestJNICriticalStressTest.java#id0,Passed. Execution successful,32625
gc/TestJNICriticalStressTest.java#id1,Passed. Execution successful,36597
gc/TestJNICriticalStressTest.java#id2,Passed. Execution successful,34781
gc/TestMemoryMXBeansAndPoolsPresence.java#id0,Passed. Execution successful,1584
gc/TestMemoryMXBeansAndPoolsPresence.java#id1,Passed. Execution successful,1290
gc/TestMemoryMXBeansAndPoolsPresence.java#id2,Passed. Execution successful,1291
gc/TestNUMAPageSize.java,Passed. Execution successful,880
gc/TestNativeReferenceGet.java,Passed. Execution successful,3547
gc/TestNoPerfCounter.java,Passed. Execution successful,968
gc/TestNumWorkerOutput.java,Passed. Execution successful,3366
gc/TestObjectAlignment.java,Passed. Execution successful,2931
gc/TestObjectAlignmentCardSize.java,Passed. Execution successful,2272
gc/TestPLABAdaptToMinTLABSize.java#G1,Passed. Execution successful,2238
gc/TestPLABAdaptToMinTLABSize.java#Parallel,Passed. Execution successful,2370
gc/TestPolicyNamePerfCounter.java#id0,Passed. Execution successful,2255
gc/TestPolicyNamePerfCounter.java#id1,Passed. Execution successful,2159
gc/TestPolicyNamePerfCounter.java#id2,Passed. Execution successful,1819
gc/TestReferenceClearDuringMarking.java,Passed. Execution successful,2298
gc/TestReferenceClearDuringReferenceProcessing.java#Z,Passed. Execution successful,2530
gc/TestReferenceRefersTo.java,Passed. Execution successful,62385
gc/TestReferenceRefersToDuringConcMark.java,Passed. Execution successful,2270
gc/TestSmallHeap.java,Passed. Execution successful,2873
gc/TestSoftReferencesBehaviorOnOOME.java,Passed. Execution successful,1690
gc/TestSpaceCounters.java#Parallel,Passed. Execution successful,1230
gc/TestSpaceCounters.java#Serial,Passed. Execution successful,1267
gc/TestStackOverflow.java,Passed. Execution successful,845
gc/TestSystemGC.java#G1,Passed. Execution successful,660
gc/TestSystemGC.java#Parallel,Passed. Execution successful,584
gc/TestSystemGC.java#Serial,Passed. Execution successful,661
gc/TestSystemGC.java#Shenandoah,Passed. Execution successful,766
gc/TestSystemGC.java#Z,Passed. Execution successful,490
gc/TestTransparentHugePagesHeap.java#G1,Passed. Execution successful,1816
gc/TestTransparentHugePagesHeap.java#Parallel,Passed. Execution successful,1845
gc/TestTransparentHugePagesHeap.java#Serial,Passed. Execution successful,1939
gc/TestUseGCOverheadLimit.java#G1,Passed. Execution successful,1771
gc/TestUseGCOverheadLimit.java#Parallel,Passed. Execution successful,1986
gc/TestVerifyDuringStartup.java,Passed. Execution successful,1236
gc/TestVerifySilently.java,Passed. Execution successful,1224
gc/TestVerifySubSet.java,Passed. Execution successful,1192
gc/g1/Test2GbHeap.java,Passed. Execution successful,1735
gc/g1/TestCodeCacheUnloadDuringConcCycle.java,Passed. Execution successful,11417
gc/g1/TestCodeCacheWhiteBox.java,Passed. Execution successful,11961
gc/g1/TestConcurrentSystemGC.java,Passed. Execution successful,698
gc/g1/TestEagerReclaimHumongousRegionsLog.java,Passed. Execution successful,3073
gc/g1/TestEagerReclaimHumongousRegionsWithRefs.java,Passed. Execution successful,2789
gc/g1/TestEdenSurvivorLessThanMax.java,Passed. Execution successful,2756
gc/g1/TestG1RemSetArrayOfCardsEntriesErgoLimit.java,Passed. Execution successful,693
gc/g1/TestG1SkipCompaction.java,Passed. Execution successful,3209
gc/g1/TestG1TraceEagerReclaimHumongousObjects.java,Passed. Execution successful,2674
gc/g1/TestGCLogMessages.java,Passed. Execution successful,3806
gc/g1/TestGreyReclaimedHumongousObjects.java,Passed. Execution successful,90914
gc/g1/TestHumongousAllocConcurrentStart.java,Passed. Execution successful,1744
gc/g1/TestHumongousAllocNearlyFullRegion.java,Passed. Execution successful,1661
gc/g1/TestHumongousCodeCacheRoots.java,Passed. Execution successful,8256
gc/g1/TestHumongousConcurrentStartUndo.java,Passed. Execution successful,3545
gc/g1/TestHumongousRemsetsMatch.java,Passed. Execution successful,2942
gc/g1/TestHumongousShrinkHeap.java,Passed. Skipped: jtreg.SkippedException: Heap is too small,1776
gc/g1/TestLargePageUseForAuxMemory.java,Passed. Skipped: jtreg.SkippedException: Large page support does not seem to be available on this platform.,3254
gc/g1/TestLargePageUseForHeap.java,Passed. Skipped: jtreg.SkippedException: Large page support does not seem to be available on this platform.,2975
gc/g1/TestMarkStackOverflow.java,Passed. Execution successful,1309
gc/g1/TestMarkStackSizes.java,Passed. Execution successful,1907
gc/g1/TestMixedGCLiveThreshold.java#0percent,Passed. Execution successful,3153
gc/g1/TestMixedGCLiveThreshold.java#100percent,Passed. Execution successful,3185
gc/g1/TestMixedGCLiveThreshold.java#25percent,Passed. Execution successful,3067
gc/g1/TestNoEagerReclaimOfHumongousRegions.java,Passed. Execution successful,2289
gc/g1/TestOneEdenRegionAfterGC.java,Passed. Execution successful,1650
gc/g1/TestPLABOutput.java,Passed. Execution successful,3379
gc/g1/TestPLABSizeBounds.java,Passed. Execution successful,2181
gc/g1/TestParallelAlwaysPreTouch.java,Passed. Execution successful,576
gc/g1/TestPeriodicCollection.java,Passed. Execution successful,15733
gc/g1/TestPeriodicCollectionJNI.java,Passed. Execution successful,4865
gc/g1/TestPeriodicLogMessages.java,Passed. Execution successful,3701
gc/g1/TestPrintRegionRememberedSetInfo.java,Passed. Execution successful,2089
gc/g1/TestRegionAlignment.java,Passed. Execution successful,610
gc/g1/TestRegionLivenessPrint.java,Passed. Execution successful,2310
gc/g1/TestRemarkCleanupMXBean.java,Passed. Execution successful,2531
gc/g1/TestRemarkCleanupMXBeanCollectionUsage.java,Passed. Execution successful,2739
gc/g1/TestRemsetLogging.java,Passed. Execution successful,3876
gc/g1/TestRemsetLoggingPerRegion.java,Passed. Execution successful,4527
gc/g1/TestRemsetLoggingThreads.java,Passed. Execution successful,2087
gc/g1/TestSharedArchiveWithPreTouch.java,Passed. Execution successful,3432
gc/g1/TestShrinkAuxiliaryDataRunner.java,Passed. Execution successful,11212
gc/g1/TestShrinkDefragmentedHeap.java,Passed. Execution successful,2415
gc/g1/TestShrinkToOneRegion.java,Passed. Execution successful,533
gc/g1/TestSkipRebuildRemsetPhase.java,Passed. Execution successful,2593
gc/g1/TestVerificationInConcurrentCycle.java#id1,Passed. Execution successful,3031
gc/g1/TestVerifyGCType.java,Passed. Execution successful,3747
gc/g1/ihop/TestIHOPStatic.java,Passed. Execution successful,4558
gc/logging/TestDeprecatedPrintFlags.java,Passed. Execution successful,2009
gc/logging/TestGCId.java,Passed. Execution successful,3970
gc/logging/TestMetaSpaceLog.java,Passed. Execution successful,3622
gc/logging/TestPrintReferences.java,Passed. Execution successful,2458
gc/logging/TestUnifiedLoggingSwitchStress.java,Passed. Execution successful,61637
gc/metaspace/TestMetaspaceInitialization.java,Passed. Execution successful,655
gc/metaspace/TestMetaspaceMemoryPool.java,Passed. Execution successful,1344
gc/metaspace/TestMetaspacePerfCounters.java#Epsilon-64,Passed. Execution successful,2091
gc/metaspace/TestMetaspacePerfCounters.java#G1-64,Passed. Execution successful,2007
gc/metaspace/TestMetaspacePerfCounters.java#Parallel-64,Passed. Execution successful,2256
gc/metaspace/TestMetaspacePerfCounters.java#Serial-64,Passed. Execution successful,2166
gc/metaspace/TestMetaspacePerfCounters.java#Shenandoah-64,Passed. Execution successful,2033
gc/metaspace/TestMetaspaceSizeFlags.java,Passed. Execution successful,2010
gc/metaspace/TestPerfCountersAndMemoryPools.java#id0,Passed. Execution successful,1675
gc/metaspace/TestSizeTransitions.java#id0,Passed. Execution successful,1567
gc/metaspace/TestSizeTransitions.java#id1,Passed. Execution successful,1743
gc/metaspace/TestSizeTransitions.java#id2,Passed. Execution successful,1729
gc/shenandoah/TestAllocIntArrays.java#adaptive,Passed. Execution successful,4756
gc/shenandoah/TestAllocIntArrays.java#aggressive,Passed. Execution successful,12074
gc/shenandoah/TestAllocIntArrays.java#compact,Passed. Execution successful,2505
gc/shenandoah/TestAllocIntArrays.java#generational,Passed. Execution successful,4412
gc/shenandoah/TestAllocIntArrays.java#no-tlab,Passed. Execution successful,3024
gc/shenandoah/TestAllocIntArrays.java#passive,Passed. Execution successful,6072
gc/shenandoah/TestAllocIntArrays.java#static,Passed. Execution successful,2399
gc/shenandoah/TestAllocObjectArrays.java#adaptive,Passed. Execution successful,5046
gc/shenandoah/TestAllocObjectArrays.java#aggressive,Passed. Execution successful,13148
gc/shenandoah/TestAllocObjectArrays.java#compact,Passed. Execution successful,2449
gc/shenandoah/TestAllocObjectArrays.java#generational,Passed. Execution successful,10297
gc/shenandoah/TestAllocObjectArrays.java#no-tlab,Passed. Execution successful,5843
gc/shenandoah/TestAllocObjectArrays.java#passive,Passed. Execution successful,6581
gc/shenandoah/TestAllocObjectArrays.java#static,Passed. Execution successful,2492
gc/shenandoah/TestAllocObjects.java#adaptive,Passed. Execution successful,5164
gc/shenandoah/TestAllocObjects.java#aggressive,Passed. Execution successful,31286
gc/shenandoah/TestAllocObjects.java#compact,Passed. Execution successful,2541
gc/shenandoah/TestAllocObjects.java#generational,Passed. Execution successful,5319
gc/shenandoah/TestAllocObjects.java#passive,Passed. Execution successful,9606
gc/shenandoah/TestAllocObjects.java#static,Passed. Execution successful,2528
gc/shenandoah/TestArrayCopyCheckCast.java#default,Passed. Execution successful,565
gc/shenandoah/TestArrayCopyCheckCast.java#generational,Passed. Execution successful,511
gc/shenandoah/TestArrayCopyStress.java#default,Passed. Execution successful,2102
gc/shenandoah/TestArrayCopyStress.java#generational,Passed. Execution successful,2259
gc/shenandoah/TestDynamicSoftMaxHeapSize.java#generational,Passed. Execution successful,13100
gc/shenandoah/TestDynamicSoftMaxHeapSize.java#generational-softMaxHeapSizeValidation,Passed. Execution successful,2369
gc/shenandoah/TestDynamicSoftMaxHeapSize.java#passive,Passed. Execution successful,28050
gc/shenandoah/TestDynamicSoftMaxHeapSize.java#satb-adaptive,Passed. Execution successful,13261
gc/shenandoah/TestDynamicSoftMaxHeapSize.java#satb-aggressive,Passed. Execution successful,13547
gc/shenandoah/TestDynamicSoftMaxHeapSize.java#satb-compact,Passed. Execution successful,12819
gc/shenandoah/TestDynamicSoftMaxHeapSize.java#satb-static,Passed. Execution successful,10026
gc/shenandoah/TestEvilSyncBug.java#default,Passed. Execution successful,9974
gc/shenandoah/TestEvilSyncBug.java#generational,Passed. Execution successful,12787
gc/shenandoah/TestGCThreadGroups.java#default,Passed. Execution successful,5107
gc/shenandoah/TestGCThreadGroups.java#generational,Passed. Execution successful,2498
gc/shenandoah/TestGCThreadGroups.java#passive,Passed. Execution successful,1633
gc/shenandoah/TestHeapUncommit.java#adaptive,Passed. Execution successful,7950
gc/shenandoah/TestHeapUncommit.java#default-lp,Passed. Execution successful,4929
gc/shenandoah/TestHeapUncommit.java#generational,Passed. Execution successful,6015
gc/shenandoah/TestHeapUncommit.java#passive,Passed. Execution successful,19163
gc/shenandoah/TestJcmdHeapDump.java#adaptive,Passed. Execution successful,1697
gc/shenandoah/TestJcmdHeapDump.java#aggressive,Passed. Execution successful,2631
gc/shenandoah/TestJcmdHeapDump.java#compact,Passed. Execution successful,1654
gc/shenandoah/TestJcmdHeapDump.java#generational,Passed. Execution successful,1849
gc/shenandoah/TestJcmdHeapDump.java#passive,Passed. Execution successful,2200
gc/shenandoah/TestJcmdHeapDump.java#static,Passed. Execution successful,1678
gc/shenandoah/TestLargeArrayInit.java#adaptive,Passed. Execution successful,857
gc/shenandoah/TestLargeArrayInit.java#compact-off,Passed. Execution successful,774
gc/shenandoah/TestLargeArrayInit.java#compact-on,Passed. Execution successful,716
gc/shenandoah/TestLargeArrayInit.java#compressed-oops-off,Passed. Execution successful,748
gc/shenandoah/TestLargeArrayInit.java#generational,Passed. Execution successful,767
gc/shenandoah/TestLargeArrayInitGCStress.java#aggressive,Passed. Execution successful,1417
gc/shenandoah/TestLargeArrayInitGCStress.java#compact-off,Passed. Execution successful,1386
gc/shenandoah/TestLargeArrayInitGCStress.java#compact-on,Passed. Execution successful,1442
gc/shenandoah/TestLargeArrayInitGCStress.java#compressed-oops-off,Passed. Execution successful,1404
gc/shenandoah/TestLargeArrayInitGCStress.java#generational-aggressive,Passed. Execution successful,1452
gc/shenandoah/TestLargeObjectAlignment.java#default,Passed. Execution successful,25230
gc/shenandoah/TestLargeObjectAlignment.java#generational,Passed. Execution successful,27150
gc/shenandoah/TestLotsOfCycles.java#adaptive,Passed. Execution successful,9908
gc/shenandoah/TestLotsOfCycles.java#aggressive,Passed. Execution successful,4392
gc/shenandoah/TestLotsOfCycles.java#compact,Passed. Execution successful,1494
gc/shenandoah/TestLotsOfCycles.java#generational,Passed. Execution successful,9773
gc/shenandoah/TestLotsOfCycles.java#passive,Passed. Execution successful,23761
gc/shenandoah/TestLotsOfCycles.java#static,Passed. Execution successful,11700
gc/shenandoah/TestObjItrWithHeapDump.java,Passed. Execution successful,1976
gc/shenandoah/TestPeriodicGC.java,Passed. Execution successful,72123
gc/shenandoah/TestReferenceRefersToShenandoah.java#generational,Passed. Execution successful,62406
gc/shenandoah/TestReferenceRefersToShenandoah.java#generational-100,Passed. Execution successful,62084
gc/shenandoah/TestReferenceRefersToShenandoah.java#satb,Passed. Execution successful,62011
gc/shenandoah/TestReferenceRefersToShenandoah.java#satb-100,Passed. Execution successful,62005
gc/shenandoah/TestReferenceShortcutCycle.java#generational-100,Passed. Execution successful,2011
gc/shenandoah/TestReferenceShortcutCycle.java#satb-100,Passed. Execution successful,2120
gc/shenandoah/TestRefprocSanity.java#default,Passed. Execution successful,2090
gc/shenandoah/TestRefprocSanity.java#generational,Passed. Execution successful,1721
gc/shenandoah/TestRegionSampling.java#adaptive,Passed. Execution successful,980
gc/shenandoah/TestRegionSampling.java#aggressive,Passed. Execution successful,900
gc/shenandoah/TestRegionSampling.java#compact,Passed. Execution successful,960
gc/shenandoah/TestRegionSampling.java#generational,Passed. Execution successful,1065
gc/shenandoah/TestRegionSampling.java#passive,Passed. Execution successful,1997
gc/shenandoah/TestRegionSampling.java#static,Passed. Execution successful,1142
gc/shenandoah/TestRegionSamplingLogging.java#default-rotation,Passed. Execution successful,1107
gc/shenandoah/TestRegionSamplingLogging.java#generational-rotation,Passed. Execution successful,1067
gc/shenandoah/TestResizeTLAB.java#adaptive,Passed. Execution successful,3559
gc/shenandoah/TestResizeTLAB.java#aggressive,Passed. Execution successful,7005
gc/shenandoah/TestResizeTLAB.java#compact,Passed. Execution successful,4637
gc/shenandoah/TestResizeTLAB.java#generational,Passed. Execution successful,3784
gc/shenandoah/TestResizeTLAB.java#passive,Passed. Execution successful,5567
gc/shenandoah/TestResizeTLAB.java#static,Passed. Execution successful,3515
gc/shenandoah/TestRetainObjects.java#adaptive,Passed. Execution successful,1175
gc/shenandoah/TestRetainObjects.java#aggressive,Passed. Execution successful,1291
gc/shenandoah/TestRetainObjects.java#compact,Passed. Execution successful,679
gc/shenandoah/TestRetainObjects.java#generational,Passed. Execution successful,1847
gc/shenandoah/TestRetainObjects.java#no-tlab,Passed. Execution successful,1732
gc/shenandoah/TestRetainObjects.java#passive,Passed. Execution successful,2026
gc/shenandoah/TestRetainObjects.java#static,Passed. Execution successful,928
gc/shenandoah/TestShenandoahRegionLogging.java,Passed. Execution successful,659
gc/shenandoah/TestSieveObjects.java#adaptive,Passed. Execution successful,14522
gc/shenandoah/TestSieveObjects.java#aggressive,Passed. Execution successful,10382
gc/shenandoah/TestSieveObjects.java#compact,Passed. Execution successful,3639
gc/shenandoah/TestSieveObjects.java#generational,Passed. Execution successful,37698
gc/shenandoah/TestSieveObjects.java#no-tlab,Passed. Execution successful,9858
gc/shenandoah/TestSieveObjects.java#no-tlab-genshen,Passed. Execution successful,12697
gc/shenandoah/TestSieveObjects.java#passive,Passed. Execution successful,12036
gc/shenandoah/TestSieveObjects.java#static,Passed. Execution successful,4132
gc/shenandoah/TestSmallArrayInit.java#adaptive,Passed. Execution successful,666
gc/shenandoah/TestSmallArrayInit.java#generational,Passed. Execution successful,614
gc/shenandoah/TestSmallHeap.java#default,Passed. Execution successful,1119
gc/shenandoah/TestSmallHeap.java#generational,Passed. Execution successful,1059
gc/shenandoah/TestSoftMaxHeapSizeAvailableCalc.java#generational,Passed. Execution successful,31875
gc/shenandoah/TestSoftMaxHeapSizeAvailableCalc.java#satb-adaptive,Passed. Execution successful,31876
gc/shenandoah/TestSoftMaxHeapSizeAvailableCalc.java#satb-static,Passed. Execution successful,31875
gc/shenandoah/TestStringDedup.java#default,Passed. Execution successful,5196
gc/shenandoah/TestStringDedup.java#generational,Passed. Execution successful,2296
gc/shenandoah/TestStringDedup.java#passive,Passed. Execution successful,3410
gc/shenandoah/TestStringInternCleanup.java#default,Passed. Execution successful,3424
gc/shenandoah/TestStringInternCleanup.java#generational,Passed. Execution successful,1923
gc/shenandoah/TestStringInternCleanup.java#passive,Passed. Execution successful,7257
gc/shenandoah/TestVerifyJCStress.java#default,Passed. Execution successful,12374
gc/shenandoah/TestVerifyJCStress.java#passive,Passed. Execution successful,7060
gc/shenandoah/TestVerifyLevels.java#default,Passed. Execution successful,2371
gc/shenandoah/TestVerifyLevels.java#generational,Passed. Execution successful,3257
gc/shenandoah/TestWeakReferenceCAS.java,Passed. Execution successful,1552
gc/shenandoah/TestWithLogLevel.java#default,Passed. Execution successful,2276
gc/shenandoah/TestWithLogLevel.java#generational,Passed. Execution successful,2317
gc/shenandoah/TestWrongArrayMember.java,Passed. Execution successful,628
gc/stress/gcbasher/TestGCBasherWithG1.java,Passed. Execution successful,121431
gc/stress/gcbasher/TestGCBasherWithParallel.java,Passed. Execution successful,121600
gc/stress/gcbasher/TestGCBasherWithSerial.java,Passed. Execution successful,121412
gc/stress/gcbasher/TestGCBasherWithZ.java#id0,Passed. Execution successful,121304
gc/stress/gcbasher/TestGCBasherWithZ.java#id1,Passed. Execution successful,123543
gtest/GTestWrapper.java,Passed. Execution successful,56756
gtest/LargePageGtests.java#use-large-pages,Passed. Execution successful,2297
gtest/LargePageGtests.java#use-large-pages-1G,Passed. Execution successful,2140
gtest/NMTGtests.java#nmt-detail,Passed. Execution successful,8163
gtest/NMTGtests.java#nmt-off,Passed. Execution successful,6079
gtest/NMTGtests.java#nmt-summary,Passed. Execution successful,5794
runtime/6626217/bug_21227.java,Passed. Execution successful,2867
runtime/7158988/FieldMonitor.java,Passed. Execution successful,7064
runtime/cds/AOTMapTest.java,Passed. Execution successful,14865
runtime/cds/appcds/AppendClasspath.java,Passed. Execution successful,4522
runtime/cds/appcds/ArchiveRelocationTest.java,Passed. Execution successful,5132
runtime/cds/appcds/BadBSM.java,Passed. Execution successful,2475
runtime/cds/appcds/BootClassPathMismatch.java,Passed. Execution successful,9343
runtime/cds/appcds/CDSandJFR.java,Passed. Execution successful,5853
runtime/cds/appcds/CaseSensitiveClassPath.java,Passed. Execution successful,3030
runtime/cds/appcds/ClassLoaderTest.java,Passed. Execution successful,6532
runtime/cds/appcds/ClassPathAttr.java,Passed. Execution successful,11194
runtime/cds/appcds/ClassPathAttrCircularReference.java,Passed. Execution successful,2161
runtime/cds/appcds/CommandLineFlagCombo.java,Passed. Execution successful,16858
runtime/cds/appcds/CommandLineFlagComboNegative.java,Passed. Execution successful,5120
runtime/cds/appcds/CommonAppClasspath.java,Passed. Execution successful,6109
runtime/cds/appcds/CreateAOTCacheVerifyError.java,Passed. Execution successful,2732
runtime/cds/appcds/DirClasspathTest.java,Passed. Execution successful,7980
runtime/cds/appcds/DumpClassList.java,Passed. Execution successful,3298
runtime/cds/appcds/DumpClassListWithLF.java,Passed. Execution successful,8772
runtime/cds/appcds/DumpRuntimeClassesTest.java,Passed. Execution successful,2684
runtime/cds/appcds/DumpingWithNoCoops.java,Passed. Execution successful,6340
runtime/cds/appcds/DuplicateClassPaths.java,Passed. Execution successful,2891
runtime/cds/appcds/ExtraSymbols.java,Passed. Execution successful,4325
runtime/cds/appcds/FieldAnnotationsTest.java,Passed. Execution successful,2898
runtime/cds/appcds/FieldLayoutFlags.java,Passed. Execution successful,6853
runtime/cds/appcds/FreeUnusedMetadata.java,Passed. Execution successful,2806
runtime/cds/appcds/HelloExtTest.java,Passed. Execution successful,4889
runtime/cds/appcds/HelloTest.java,Passed. Execution successful,2724
runtime/cds/appcds/IgnoreEmptyClassPaths.java,Passed. Execution successful,3200
runtime/cds/appcds/JvmtiAddPath.java,Passed. Execution successful,5725
runtime/cds/appcds/LambdaContainsOldInf.java,Passed. Execution successful,3703
runtime/cds/appcds/LambdaEagerInit.java,Passed. Execution successful,3107
runtime/cds/appcds/LambdaInvokeVirtual.java,Passed. Execution successful,3064
runtime/cds/appcds/LambdaProxyClasslist.java,Passed. Execution successful,5383
runtime/cds/appcds/LambdaVerificationFailedDuringDump.java,Passed. Execution successful,2235
runtime/cds/appcds/LambdaWithOldClass.java,Passed. Execution successful,2948
runtime/cds/appcds/aotCache/AOTCacheConsistency.java,Passed. Execution successful,4410
runtime/cds/appcds/aotCache/AOTCacheSupportForCustomLoaders.java,Passed. Execution successful,4157
runtime/cds/appcds/aotCache/AOTCompatibleOopCompression.java,Passed. Execution successful,3605
runtime/cds/appcds/aotCache/AOTCompileEagerly.java,Passed. Execution successful,3837
runtime/cds/appcds/aotCache/AOTLoggingTag.java,Passed. Execution successful,4782
runtime/cds/appcds/aotCache/AOTMapTest.java#aot,Passed. Execution successful,6465
runtime/cds/appcds/aotCache/AOTMapTest.java#dynamic,Passed. Execution successful,7006
runtime/cds/appcds/aotCache/ChangedJarFile.java,Passed. Execution successful,6174
runtime/cds/appcds/aotCache/ClassPathLogging.java,Passed. Execution successful,5876
runtime/cds/appcds/aotCache/CloseSystemOut.java,Passed. Execution successful,5649
runtime/cds/appcds/aotCache/DiagnosticCommandMBeanTest.java,Passed. Execution successful,6319
runtime/cds/appcds/aotCache/EarlyClassInit.java,Passed. Execution successful,2568
runtime/cds/appcds/aotCache/ExcludedClasses.java,Passed. Execution successful,11532
runtime/cds/appcds/aotCache/HelloAOTCache.java,Passed. Execution successful,2719
runtime/cds/appcds/aotCache/HotSpotAOTCacheMXBeanTest.java,Passed. Execution successful,3453
runtime/cds/appcds/aotCache/JNIDefineClass.java,Passed. Execution successful,4288
runtime/cds/appcds/aotCache/JavaAgent.java#aot,Passed. Execution successful,9121
runtime/cds/appcds/aotCache/JavaAgent.java#dynamic,Passed. Execution successful,7839
runtime/cds/appcds/aotCache/JavaAgent.java#static,Passed. Execution successful,5315
runtime/cds/appcds/aotCache/JcmdAOTEndRecordingTest.java,Passed. Execution successful,8724
runtime/cds/appcds/aotCache/JcmdOnTrainingProcess.java,Passed. Execution successful,5118
runtime/cds/appcds/aotCache/ManagementAgent.java,Passed. Execution successful,6912
runtime/cds/appcds/aotCache/OldClassSupport.java,Passed. Execution successful,4806
runtime/cds/appcds/aotCache/OldClassSupport2.java,Passed. Execution successful,4484
runtime/cds/appcds/aotCache/PackageInfoClass.java,Passed. Execution successful,4085
runtime/cds/appcds/aotCache/RedefineClassesInProfile.java,Passed. Execution successful,11693
runtime/cds/appcds/aotCache/RedefineCriticalClasses.java,Passed. Execution successful,3069
runtime/cds/appcds/aotCache/SpecialCacheNames.java,Passed. Execution successful,6533
runtime/cds/appcds/aotCache/TransformCriticalClasses.java,Passed. Execution successful,3215
runtime/cds/appcds/aotCache/VerifierFailOver.java,Passed. Execution successful,4264
runtime/cds/appcds/aotCode/AOTCodeCPUFeatureIncompatibilityTest.java,Passed. Execution successful,6782
runtime/cds/appcds/aotCode/AOTCodeCompressedOopsTest.java,Passed. Execution successful,6193
runtime/cds/appcds/aotCode/AOTCodeFlags.java#Z,Passed. Execution successful,58366
runtime/cds/appcds/aotCode/AOTCodeFlags.java#default_gc,Passed. Execution successful,61232
runtime/cds/appcds/aotCode/AOTCodeFlags.java#shenandoah,Passed. Execution successful,58400
runtime/cds/appcds/aotCode/AOTCodeTest.java#Z,Passed. Execution successful,6374
runtime/cds/appcds/aotCode/AOTCodeTest.java#g1,Passed. Execution successful,6407
runtime/cds/appcds/aotCode/AOTCodeTest.java#parallel,Passed. Execution successful,6206
runtime/cds/appcds/aotCode/AOTCodeTest.java#serial,Passed. Execution successful,6587
runtime/cds/appcds/aotCode/AOTCodeTest.java#shenandoah,Passed. Execution successful,6445
