suite,log,summary
gtest-default8,gtest-complete-default8.log,[  PASSED  ] 1398 tests.
gtest-legacy12,gtest-complete-legacy12.log,[  PASSED  ] 1398 tests.
gtest-four4,gtest-complete-four4.log,[  PASSED  ] 1398 tests.
headers-release,jtreg-complete-release.log,Final work-directory statuses: {'Passed': 35}
headers-fastdebug,jtreg-complete-fastdebug-corrected.log,Final work-directory statuses: {'Passed': 35}
instrumentation-release,jtreg-complete-size-release.log,Test results: passed: 4
instrumentation-fastdebug,jtreg-complete-size-fastdebug.log,Test results: passed: 4
layouts,layout-matrix.log,26 passed across 26 separate layout/collector/alignment/interpreter/C1/reference-mode invocations
archives,archive-final.log,Test results: passed: 7
class-cap-release,class-cap-high-release.log,Test results: passed: 1
class-cap-fastdebug,class-cap-high-fastdebug.log,Test results: passed: 1
shenandoah-seed-regressions,shen-fixed.log,Test results: passed: 3
expanded-unhashed-C2,hash-state-fixed.log,Test results: passed: 1
restored-gtest-default8,gtest-restored-default8.log,[  PASSED  ] 1398 tests.
restored-gtest-legacy12,gtest-restored-legacy12.log,[  PASSED  ] 1398 tests.
restored-gtest-four4,gtest-restored-four4.log,[  PASSED  ] 1398 tests.
restored-headers-release,hash-performance-release-focus.log,Test results: passed: 35
restored-headers-debug,hash-performance-debug-focus.log,Test results: passed: 35
restored-instrumentation-release,hash-performance-instrument-release.log,Test results: passed: 1
restored-instrumentation-fastdebug,hash-performance-instrument-fastdebug.log,Test results: passed: 1
restored-jcstress-Serial,jcstress-restored-Serial.log,42 generated configurations passed; no forbidden outcomes or harness errors
restored-jcstress-G1,jcstress-restored-G1.log,42 generated configurations passed; no forbidden outcomes or harness errors
restored-jcstress-Z,jcstress-restored-Z.log,42 generated configurations passed; no forbidden outcomes or harness errors
include-sort-build,sorted-includes-build.log,Release native rebuild passed
include-sort-common,sorted-includes-jtreg-corrected.log,Test results: passed: 11; did not meet platform requirements: 1
