gc,layout,objects,unhashed_graph_bytes,hashed_graph_bytes,unhashed_cell_bytes,hashed_cell_bytes
Serial,baseline8,1000000,20000016,20000016,16,16
Serial,default8,1000000,20000016,20000016,16,16
Serial,legacy12,1000000,20000016,20000016,16,16
Serial,four4,1000000,12000008,20000008,8,16
G1,baseline8,1000000,20000016,20000016,16,16
G1,default8,1000000,20000016,20000016,16,16
G1,legacy12,1000000,20000016,20000016,16,16
G1,four4,1000000,12000008,20000008,8,16
Z,baseline8,1000000,24000016,24000016,16,16
Z,default8,1000000,24000016,24000016,16,16
Z,legacy12,1000000,24000016,24000016,16,16
Z,four4,1000000,16000008,24000008,8,16
