gc,layout,forks,mean_ns,change_percent,change_95ci_low,change_95ci_high
Serial,baseline8,6,13.443700382771661,0,0,0
Serial,default8,6,13.232501346704215,-1.578146484888554,-3.6594001292311162,0.5480686475275665
Serial,four4,6,15.944032026756155,18.588890171714656,16.03061821133307,21.203567549253922
G1,baseline8,6,13.58595098942256,0,0,0
G1,default8,6,13.324749579825989,-1.8794388290717445,-6.255804434741363,2.701233569130501
G1,four4,6,15.78313747322525,16.24546222094436,11.299676600296028,21.41102202380576
Z,baseline8,6,14.12590360258189,0,0,0
Z,default8,6,13.696527464381708,-3.0018182344188404,-7.428090287237154,1.6360934437064545
Z,four4,6,16.543889136900923,17.13823872967066,11.390386685780918,23.18268551662066
