gc,benchmark,layout,forks,mean_ns,jmh_99_9ci_error_ns,bytes_per_op,change_percent,change_95ci_low,change_95ci_high
Serial,allocate,baseline8,3,1.2077037572494354,0.056835662228000544,16.00000645030098,0,0,0
Serial,allocate,default8,3,1.1161369187354737,0.06367230647524809,16.00000595478127,-7.624166661868714,-16.207010914431454,1.8378109915627272
Serial,allocate,legacy12,3,1.365004470725357,0.13417864298895976,16.000008075023754,12.794305138877316,-5.989452756656055,35.331147885249
Serial,allocate,four4,3,1.0772641322964864,0.05327674162190452,8.000005034680111,-10.813653604454188,-17.456159411114,-3.636609023287074
Serial,firstHash,baseline8,3,13.716671845721077,0.3374594923926024,16.000073357585094,0,0,0
Serial,firstHash,default8,3,13.019283899650539,0.3246275629652624,16.000069268539914,-5.0953675272512715,-9.289308154344855,-0.7075232089201133
Serial,firstHash,legacy12,3,13.7728844246848,0.6825851004306361,16.000081578195896,0.3739831094460522,-7.3534167363932035,8.745904385801273
Serial,firstHash,four4,3,15.967003698174107,0.5839487741797378,8.00007467991969,16.406050451494835,15.435096547793137,17.385171294986137
Serial,identityMapChurn,baseline8,3,17080.794218633346,1889.477929004458,16432.090173492663,0,0,0
Serial,identityMapChurn,default8,3,17052.11974878844,1638.306022393254,16432.090647395555,-0.19838311982856016,-9.272866800312485,9.783725999300374
Serial,identityMapChurn,legacy12,3,17165.58679751314,1405.8541537727583,16440.101382863668,0.4920422640647848,-7.295878031179548,8.93421289076124
Serial,identityMapChurn,four4,3,17486.89310877558,2991.3919559625374,12328.081441998553,2.410077909202557,-4.7742025649258775,10.136374174441954
Serial,identityMapLookup,baseline8,3,2.4833609868844717,0.07025103350579105,1.3162348558284551e-05,0,0,0
Serial,identityMapLookup,default8,3,2.485974821463319,0.10137930201938987,1.3161743170832111e-05,0.09422613517702239,-5.6271972181554,6.162515155556836
Serial,identityMapLookup,legacy12,3,2.5604350241689464,0.15198294788885341,1.5063866364991361e-05,3.054629581589774,-5.909176709519026,12.872396125299002
Serial,identityMapLookup,four4,3,2.727729435796184,0.12789549220740032,1.2640301791083747e-05,9.803879497267754,1.5287291086294896,18.753500201409643
Serial,storedHash,baseline8,3,1.5523241096105702,0.0786977975071314,8.226703010573845e-06,0,0,0
Serial,storedHash,default8,3,1.4940358520171197,0.0360819441286505,7.924876769256592e-06,-3.7668907242560556,-8.226103147959929,0.908990884496963
Serial,storedHash,legacy12,3,1.5432420529901762,0.04497519668514912,9.07954615055411e-06,-0.5990960012329127,-5.50702952342399,4.563753959046202
Serial,storedHash,four4,3,1.513096774000768,0.05908691693712123,7.028146384513856e-06,-2.557889510852307,-9.69673017084569,5.145305530385436
G1,allocate,baseline8,3,1.1690405516876783,0.03653681613573484,16.000007456335883,0,0,0
G1,allocate,default8,3,1.1964695355308232,0.05528994859613132,16.000007623308896,2.3397927945832286,-3.172249703330743,8.165615302935514
G1,allocate,legacy12,3,1.2959603122656929,0.05608482374219553,16.00000905985603,10.843679369049752,4.3912614208127865,17.694920904741075
G1,allocate,four4,3,1.0608217751492508,0.0341057267898357,8.000005904007052,-9.248221443157334,-13.243616130718106,-5.068826708597818
G1,firstHash,baseline8,3,14.08626126691337,0.7040843427297447,16.000089763720997,0,0,0
G1,firstHash,default8,3,13.879248346992402,0.7509331629207535,16.000088357278585,-1.4968133031799669,-9.45182664944898,7.1570792694465535
G1,firstHash,legacy12,3,13.155998097109968,0.4679478683464053,16.000092128755096,-6.600805990564728,-12.439177832315252,-0.3731437684969974
G1,firstHash,four4,3,15.763274957931321,0.381809837153968,8.00008784275789,11.937124684424628,4.192979695749188,20.256853381145955
G1,identityMapChurn,baseline8,3,12100.034803014309,575.5355015090712,16432.07729140439,0,0,0
G1,identityMapChurn,default8,3,12348.291160886492,490.3786358654058,16432.078941024978,2.102509467778191,-6.764304787673259,11.812567234865767
G1,identityMapChurn,legacy12,3,11554.891100767838,198.20317374284855,16440.080901545545,-4.453272889879045,-13.528003647657371,5.573797836906325
G1,identityMapChurn,four4,3,12646.880989387473,742.8486803622732,12328.070463493574,4.572746826795293,-4.689125328948595,14.73464509315252
G1,identityMapLookup,baseline8,3,2.571963143616224,0.10266532475298054,1.6303611481376882e-05,0,0,0
G1,identityMapLookup,default8,3,2.560330458991664,0.09814481733763586,1.62203253471786e-05,-0.4588920867893309,-3.710316210144149,2.902323225131509
G1,identityMapLookup,legacy12,3,2.4382430956296153,0.059749833735529764,1.6984460184506992e-05,-5.204176336929267,-7.973311774008829,-2.3517160381524294
G1,identityMapLookup,four4,3,2.711790261089934,0.11835482019133961,1.5032989711813436e-05,5.375057610346867,-4.897598378576973,16.757332907170543
G1,storedHash,baseline8,3,1.5378831193287008,0.04417656948876762,9.745821626024162e-06,0,0,0
G1,storedHash,default8,3,1.5400655095822855,0.05761191391709384,9.749713728761076e-06,0.1117322514754937,-6.768426419647522,7.499622172023734
G1,storedHash,legacy12,3,1.538641501704871,0.08024893661440269,1.071915386522134e-05,0.04389972352629723,-3.1522355588952666,3.3455127193725342
G1,storedHash,four4,3,1.527216180266033,0.05785499562223597,8.45657523728568e-06,-0.7216588903940724,-7.2848332989179365,6.306113273269243
Z,allocate,baseline8,3,1.2687640785503556,0.08917311193835556,16.000012475262686,0,0,0
Z,allocate,default8,3,1.2553711022379672,0.015823823524904804,16.000012356026765,-0.9765548010464142,-12.215670881542362,11.701516632180065
Z,allocate,legacy12,3,1.3649586927211923,0.05967892594836323,16.00001464864119,7.635253192686653,-2.5875585042026694,18.93088348836416
Z,allocate,four4,3,1.0520348898826624,0.03365050347590305,8.000009569621618,-17.024242117337472,-25.40787660168151,-7.698345582189992
Z,firstHash,baseline8,3,13.849240002134282,0.5702362856912571,16.000136144971115,0,0,0
Z,firstHash,default8,3,13.561205404759221,0.7015956634532413,16.000133508471002,-2.080598148869073,-7.848481647180538,4.048304686342741
Z,firstHash,legacy12,3,13.473103861767017,0.41701826994569824,16.000144414234214,-2.71238450792205,-8.196103890318273,3.0988937204401656
Z,firstHash,four4,3,17.12413757853704,1.7720275080513421,8.000155837057765,23.194697008660125,-3.826117555461439,57.807223596362455
Z,identityMapChurn,baseline8,3,12453.259320217436,880.3529339837853,24640.12263195382,0,0,0
Z,identityMapChurn,default8,3,12360.596568775496,491.9549527600055,24640.12184562046,-0.657062941361064,-11.915598298451336,12.04048563416855
Z,identityMapChurn,legacy12,3,11880.203864102594,655.4913212733552,24648.127764665096,-4.521209882618582,-15.092863484797547,7.366703629755955
Z,identityMapChurn,four4,3,12615.125481274108,700.2920466010413,20536.114879584933,1.3813837483212632,-9.615846477047773,13.716670125303887
Z,identityMapLookup,baseline8,3,3.7098620971569205,0.2232693579629058,3.6387513565790415e-05,0,0,0
Z,identityMapLookup,default8,3,3.6602512896901676,0.21609815110176323,3.5854913676275276e-05,-1.3169029003425092,-10.763969752930736,9.130287690047268
Z,identityMapLookup,legacy12,3,3.468625104070905,0.09034153569623433,3.707324802584704e-05,-6.442049550902973,-15.667102965701918,3.792119090558743
Z,identityMapLookup,four4,3,3.7413430261862337,0.1314569546559519,3.3946790448828736e-05,0.9232740141627227,-10.224142382334866,13.454858667187764
Z,storedHash,baseline8,3,1.555634339505217,0.055043186172156984,1.526230680620962e-05,0,0,0
Z,storedHash,default8,3,1.5753828950018538,0.06842730860352694,1.5441623731164547e-05,1.2675693477915528,-2.2788627244207382,4.942706230380223
Z,storedHash,legacy12,3,1.5939224334400481,0.0876290780920312,1.7026696719605205e-05,2.4350512440755923,-4.0677020808973285,9.378592517661023
Z,storedHash,four4,3,1.6697195739527768,0.07969909181045158,1.5141299295238095e-05,7.303067219680304,0.1448712601310076,14.972919630034841
