gc,layout,workload,operations,post_gc_heap_bytes,rss_bytes,non_heap_bytes
Serial,baseline8,scrabble,3,99760704,367042560,17312352
Serial,baseline8,scala-doku,3,6971224,380985344,23745216
Serial,default8,scrabble,3,99733464,366776320,17337352
Serial,default8,scala-doku,3,11463032,382185472,23722416
Serial,legacy12,scrabble,3,112181128,380096512,16664824
Serial,legacy12,scala-doku,3,10489448,394530816,22940848
Serial,four4,scrabble,3,79230192,350752768,17315344
Serial,four4,scala-doku,3,6003736,363921408,23744848
G1,baseline8,scrabble,3,98627672,548745216,17622792
G1,baseline8,scala-doku,3,4616408,567595008,24118448
G1,default8,scrabble,3,98603016,547885056,17647992
G1,default8,scala-doku,3,4623936,564879360,24165824
G1,legacy12,scrabble,3,110575144,560926720,17039128
G1,legacy12,scala-doku,3,4987368,572735488,23290048
G1,four4,scrabble,3,79151160,527769600,17581952
G1,four4,scala-doku,3,4190624,539131904,24091936
Z,baseline8,scrabble,3,134217728,664174592,17299560
Z,baseline8,scala-doku,3,8388608,680386560,23718144
Z,default8,scrabble,3,134217728,659714048,17438376
Z,default8,scala-doku,3,8388608,671809536,23819320
Z,legacy12,scrabble,3,155189248,663961600,16583504
Z,legacy12,scala-doku,3,10485760,669306880,22976512
Z,four4,scrabble,3,123731968,672190464,17243640
Z,four4,scala-doku,3,8388608,683606016,23771776
