gc,workload,layout,forks,mean_ms,change_percent,change_95ci_low,change_95ci_high
Serial,scrabble,baseline8,3,448.8861207333333,0,0,0
Serial,scrabble,default8,3,428.5576929333333,-4.533849952881086,-12.404423996998293,4.043905191133312
Serial,scrabble,legacy12,3,449.2580502,0.10162915150682128,-7.270233093091926,8.059542183959877
Serial,scrabble,four4,3,434.8225520666667,-3.1961526242790805,-13.889167245267299,8.82469216658266
Serial,scala-doku,baseline8,3,1251.7327422666667,0,0,0
Serial,scala-doku,default8,3,1422.5335729333333,13.598482602065909,3.4620195506236406,24.72804325240996
Serial,scala-doku,legacy12,3,1387.0460529333334,10.821702494278895,4.29475411113367,17.75711873910437
Serial,scala-doku,four4,3,1333.7653303333332,6.521340416084653,-2.2533203269005653,16.083697185287704
G1,scrabble,baseline8,3,240.5530502,0,0,0
G1,scrabble,default8,3,258.3467516,7.673863759082122,-13.302409995124798,33.725296587338164
G1,scrabble,legacy12,3,271.25926133333337,12.91268090525648,-5.701118983081455,35.200687131429184
G1,scrabble,four4,3,228.32356126666667,-5.155053269011489,-23.526071425760954,17.629159219555078
G1,scala-doku,baseline8,3,1423.6763990666666,0,0,0
G1,scala-doku,default8,3,1351.3223464,-4.8204471826425515,-23.169865638097566,17.911381383764336
G1,scala-doku,legacy12,3,1357.1468432666666,-4.3695495528374035,-24.044069416670855,20.401171870237246
G1,scala-doku,four4,3,1370.4427017333333,-3.431013930935145,-23.367526545852392,21.69213193917219
Z,scrabble,baseline8,3,759.8298837333333,0,0,0
Z,scrabble,default8,3,751.3759482,-1.1386453340233693,-7.71664687445911,5.90823930179698
Z,scrabble,legacy12,3,769.5627239333334,1.1266187947440054,-14.005882219785192,18.92200644461248
Z,scrabble,four4,3,767.7348488666667,0.5489498488509437,-24.947818452597915,34.70749426945474
Z,scala-doku,baseline8,3,1496.6579022666667,0,0,0
Z,scala-doku,default8,3,1496.9764440666668,0.006046129364989383,-8.201390649089413,8.947285074852495
Z,scala-doku,legacy12,3,1405.9339219333333,-6.042186457060305,-12.378718728450144,0.752586559542201
Z,scala-doku,four4,3,1463.3278560666668,-2.2744421977936358,-11.972444617009636,8.491989879771067
