gc,layout,forks,median_ms,p95_ms
Z,legacy12,50,31.654957,34.301152
Serial,legacy12,50,26.8479355,29.168318
Serial,baseline8,50,27.162774499999998,31.325659
G1,default8,50,27.8409665,32.093571
Z,baseline8,50,32.591156,35.968302
Serial,four4,50,26.5104355,30.722217
Serial,default8,50,26.139015999999998,29.321773
G1,baseline8,50,29.4147245,31.637025
Z,four4,50,32.0041225,36.678479
Z,default8,50,32.2851855,40.294327
G1,legacy12,50,28.059707500000002,31.085309
G1,four4,50,27.8636485,32.079882
