layout,gc,round,elapsed_ns
legacy12,Z,0,32529693
legacy12,Serial,0,29168318
baseline8,Serial,0,27068229
default8,G1,0,27868103
baseline8,Z,0,33030825
four4,Serial,0,30722217
default8,Serial,0,26263017
baseline8,G1,0,28216408
four4,Z,0,31636010
default8,Z,0,40294327
legacy12,G1,0,27138012
four4,G1,0,27459372
four4,Serial,1,25648964
baseline8,Z,1,32296939
default8,G1,1,27147776
legacy12,Z,1,31794265
baseline8,G1,1,27133646
four4,Z,1,31932520
legacy12,Serial,1,28336366
baseline8,Serial,1,27968221
default8,Z,1,30963084
default8,Serial,1,26557723
four4,G1,1,26222417
legacy12,G1,1,27519106
default8,Z,2,32384746
four4,Z,2,31021019
baseline8,Serial,2,26684829
legacy12,Serial,2,27266561
legacy12,G1,2,31085309
four4,G1,2,28719684
legacy12,Z,2,32276933
baseline8,Z,2,30627090
baseline8,G1,2,29832502
default8,Serial,2,26752880
default8,G1,2,30349624
four4,Serial,2,25457621
four4,Z,3,33151208
legacy12,Serial,3,28899885
legacy12,Z,3,31662233
baseline8,Z,3,32647092
default8,Z,3,31991761
default8,Serial,3,26094020
four4,Serial,3,26104289
legacy12,G1,3,28665830
baseline8,G1,3,30589860
baseline8,Serial,3,26518753
four4,G1,3,27641868
default8,G1,3,27138462
baseline8,G1,4,27853622
legacy12,G1,4,29156962
legacy12,Z,4,32558441
four4,Serial,4,27250397
default8,Z,4,33956491
legacy12,Serial,4,27461009
four4,Z,4,33805598
baseline8,Serial,4,26499745
default8,G1,4,27305108
four4,G1,4,29347293
baseline8,Z,4,34317726
default8,Serial,4,29068471
four4,G1,5,30294011
legacy12,Z,5,30562028
baseline8,Z,5,32401042
four4,Z,5,33894515
four4,Serial,5,25461061
baseline8,G1,5,27073195
legacy12,Serial,5,28911879
default8,G1,5,26458904
default8,Serial,5,27451164
default8,Z,5,31588503
baseline8,Serial,5,26114454
legacy12,G1,5,27707945
default8,Serial,6,26117619
baseline8,Z,6,30593709
baseline8,G1,6,27880371
default8,G1,6,32093571
default8,Z,6,32692980
legacy12,Serial,6,27401176
four4,G1,6,28401248
baseline8,Serial,6,26377549
legacy12,G1,6,26217663
four4,Serial,6,25254270
four4,Z,6,30379212
legacy12,Z,6,32811050
legacy12,Z,7,31762781
default8,Z,7,32631914
default8,G1,7,28356676
legacy12,Serial,7,26003130
baseline8,Serial,7,26939377
default8,Serial,7,26574322
baseline8,Z,7,32013768
legacy12,G1,7,27575635
four4,Z,7,33228914
four4,G1,7,29554040
four4,Serial,7,26299648
baseline8,G1,7,30450533
legacy12,G1,8,27925476
default8,Serial,8,27213097
baseline8,G1,8,29908601
default8,G1,8,27373976
four4,G1,8,29560374
default8,Z,8,40452615
four4,Z,8,36678479
legacy12,Z,8,33986536
baseline8,Z,8,35481464
baseline8,Serial,8,27812345
legacy12,Serial,8,25719104
four4,Serial,8,25879346
default8,Serial,9,26242785
default8,G1,9,27995135
baseline8,Serial,9,26188665
baseline8,Z,9,32731788
legacy12,G1,9,29110042
legacy12,Serial,9,26356602
four4,Serial,9,25963932
four4,G1,9,29361730
legacy12,Z,9,31926554
four4,Z,9,32075725
default8,Z,9,33079502
baseline8,G1,9,29488122
legacy12,G1,10,29216610
baseline8,G1,10,27765390
default8,Z,10,32094373
legacy12,Z,10,29311230
four4,Serial,10,25141364
baseline8,Serial,10,28790388
four4,G1,10,26908010
four4,Z,10,30731564
baseline8,Z,10,36330248
default8,G1,10,26245649
legacy12,Serial,10,25035261
default8,Serial,10,24855359
default8,Serial,11,26371306
four4,G1,11,30563525
baseline8,Serial,11,27870105
legacy12,G1,11,29401284
four4,Z,11,31839771
baseline8,Z,11,32879345
baseline8,G1,11,28602029
default8,Z,11,32342360
legacy12,Serial,11,25621554
four4,Serial,11,26107204
legacy12,Z,11,30125106
default8,G1,11,27741304
legacy12,G1,12,27054398
baseline8,G1,12,27049990
default8,G1,12,27793812
four4,G1,12,27099183
four4,Serial,12,24626806
default8,Serial,12,26160413
baseline8,Serial,12,31527799
baseline8,Z,12,31510839
default8,Z,12,33109347
legacy12,Serial,12,26173883
legacy12,Z,12,36796287
four4,Z,12,36754667
four4,G1,13,26449205
baseline8,Z,13,34995165
default8,Z,13,30473787
default8,Serial,13,26062212
baseline8,Serial,13,29826378
legacy12,Serial,13,27838924
legacy12,Z,13,33766606
legacy12,G1,13,30008139
default8,G1,13,29614086
four4,Serial,13,28227654
baseline8,G1,13,30447210
four4,Z,13,36402645
default8,Z,14,33204019
legacy12,Serial,14,26561458
default8,G1,14,30375523
four4,Z,14,32959342
baseline8,Z,14,33934060
legacy12,Z,14,31337458
legacy12,G1,14,28526376
baseline8,Serial,14,31325659
default8,Serial,14,29321773
four4,G1,14,29547838
baseline8,G1,14,28934911
four4,Serial,14,27731800
default8,G1,15,27604707
legacy12,Serial,15,25417194
baseline8,G1,15,31259852
default8,Z,15,36577874
baseline8,Z,15,30705472
legacy12,Z,15,31729943
four4,G1,15,29738280
four4,Serial,15,25553345
legacy12,G1,15,28047067
baseline8,Serial,15,29298739
four4,Z,15,29630079
default8,Serial,15,27117640
legacy12,G1,16,28367481
four4,Serial,16,29640695
four4,G1,16,28066325
four4,Z,16,34291084
baseline8,Serial,16,28215831
legacy12,Serial,16,26916573
default8,Z,16,33301124
default8,G1,16,27522901
baseline8,Z,16,35968302
default8,Serial,16,28582197
baseline8,G1,16,31637025
legacy12,Z,16,30026376
four4,Z,17,30827863
default8,Z,17,32949403
default8,G1,17,29525600
four4,Serial,17,26333550
default8,Serial,17,24800261
baseline8,Z,17,31412924
baseline8,G1,17,29345093
four4,G1,17,30586115
legacy12,G1,17,28533477
legacy12,Serial,17,26758840
legacy12,Z,17,30304148
baseline8,Serial,17,25017431
default8,Z,18,31773768
baseline8,Z,18,32676464
baseline8,G1,18,27879734
default8,G1,18,28138992
four4,Z,18,33558890
baseline8,Serial,18,26861486
four4,G1,18,27353850
four4,Serial,18,26567066
legacy12,G1,18,29652214
default8,Serial,18,26034471
legacy12,Z,18,29617441
legacy12,Serial,18,25602523
baseline8,G1,19,29547428
legacy12,G1,19,29285941
legacy12,Serial,19,26391851
four4,Serial,19,26480196
baseline8,Serial,19,30016908
default8,Serial,19,24938124
default8,G1,19,26312363
default8,Z,19,30283612
four4,Z,19,30150109
baseline8,Z,19,30203534
four4,G1,19,28687279
legacy12,Z,19,30772220
baseline8,G1,20,30830471
legacy12,G1,20,26060505
default8,Z,20,31353005
baseline8,Serial,20,27211619
default8,Serial,20,25966858
four4,G1,20,27417149
legacy12,Serial,20,26558648
legacy12,Z,20,31805445
four4,Z,20,33044223
baseline8,Z,20,32618559
four4,Serial,20,27077110
default8,G1,20,28068538
legacy12,Z,21,31834983
baseline8,Z,21,31029647
baseline8,Serial,21,26270822
four4,Z,21,34182182
default8,G1,21,26329705
legacy12,G1,21,27755399
four4,Serial,21,25641184
baseline8,G1,21,30641397
default8,Serial,21,24866734
four4,G1,21,25660869
legacy12,Serial,21,25982720
default8,Z,21,30431727
default8,Z,22,42254366
default8,G1,22,30301468
four4,Serial,22,26742756
baseline8,G1,22,30741339
legacy12,G1,22,32383205
baseline8,Z,22,32131567
default8,Serial,22,26548203
baseline8,Serial,22,27113930
four4,G1,22,30005061
four4,Z,22,30889123
legacy12,Z,22,30818669
legacy12,Serial,22,26294437
default8,Z,23,33593571
legacy12,Z,23,31093696
default8,G1,23,28646483
four4,Z,23,31003152
four4,Serial,23,29122408
baseline8,G1,23,30032671
legacy12,Serial,23,28705475
baseline8,Z,23,34613767
legacy12,G1,23,29240283
default8,Serial,23,27281813
four4,G1,23,26012080
baseline8,Serial,23,24450772
default8,G1,24,31577712
default8,Z,24,38038386
four4,G1,24,27084301
baseline8,G1,24,31057332
legacy12,G1,24,28006572
four4,Z,24,31036186
default8,Serial,24,24989481
baseline8,Z,24,33882269
four4,Serial,24,28109168
legacy12,Z,24,31462727
legacy12,Serial,24,25432133
baseline8,Serial,24,26677863
baseline8,Serial,25,27269253
four4,Serial,25,26531817
default8,Z,25,32228011
baseline8,Z,25,34209786
four4,Z,25,34130058
four4,G1,25,32079882
baseline8,G1,25,28497422
default8,G1,25,26316308
default8,Serial,25,25223249
legacy12,Z,25,31027709
legacy12,Serial,25,26283033
legacy12,G1,25,28731710
legacy12,Serial,26,28879262
four4,G1,26,29201445
legacy12,Z,26,30409609
baseline8,Z,26,32811740
default8,G1,26,28810295
default8,Z,26,30149198
default8,Serial,26,25150021
four4,Serial,26,29176082
legacy12,G1,26,29293947
baseline8,G1,26,29504893
four4,Z,26,38719403
baseline8,Serial,26,29339745
four4,G1,27,27503941
baseline8,Serial,27,27409326
four4,Serial,27,27951414
baseline8,G1,27,27370208
legacy12,Serial,27,29376254
four4,Z,27,30411211
legacy12,G1,27,27820625
baseline8,Z,27,31830522
default8,Serial,27,28268058
default8,Z,27,30942663
default8,G1,27,26397227
legacy12,Z,27,33209184
legacy12,G1,28,26633351
four4,G1,28,25578881
baseline8,Serial,28,26979830
legacy12,Serial,28,28955425
default8,Serial,28,25505777
four4,Z,28,31498290
baseline8,Z,28,32816448
four4,Serial,28,30329760
legacy12,Z,28,30360721
default8,Z,28,32775201
baseline8,G1,28,29212741
default8,G1,28,26987161
legacy12,Serial,29,26779298
default8,Z,29,31036853
legacy12,G1,29,25037519
four4,Serial,29,24206723
default8,G1,29,25641909
default8,Serial,29,25769638
baseline8,Z,29,32305496
baseline8,G1,29,29317612
four4,Z,29,34666848
legacy12,Z,29,31647681
baseline8,Serial,29,27918169
four4,G1,29,27177223
four4,Z,30,32588465
default8,G1,30,28697624
four4,Serial,30,27209174
legacy12,G1,30,29187469
baseline8,Serial,30,31281640
legacy12,Serial,30,28100820
four4,G1,30,34866484
baseline8,Z,30,36606344
default8,Serial,30,30414336
legacy12,Z,30,34301152
baseline8,G1,30,35316034
default8,Z,30,34457873
baseline8,Serial,31,29242951
baseline8,G1,31,29648978
four4,Serial,31,29473458
legacy12,G1,31,31607072
legacy12,Z,31,32465803
default8,Z,31,29467023
default8,G1,31,29575930
legacy12,Serial,31,27044556
four4,G1,31,26824300
baseline8,Z,31,34521538
default8,Serial,31,28667534
four4,Z,31,32674692
default8,G1,32,29750123
default8,Z,32,35975700
legacy12,Serial,32,28065518
legacy12,Z,32,30610550
legacy12,G1,32,26571851
baseline8,Serial,32,28453682
four4,Serial,32,27441985
four4,G1,32,28234978
baseline8,G1,32,30901909
four4,Z,32,32641684
baseline8,Z,32,31428122
default8,Serial,32,27466656
default8,Serial,33,29652132
four4,Serial,33,27459886
default8,G1,33,29178546
four4,Z,33,32658279
baseline8,G1,33,29404630
baseline8,Serial,33,28006260
four4,G1,33,27856353
baseline8,Z,33,34937964
legacy12,Serial,33,29154510
legacy12,Z,33,34138736
default8,Z,33,33482870
legacy12,G1,33,26988974
four4,G1,34,27130834
default8,Z,34,31168919
four4,Serial,34,24201075
legacy12,Serial,34,27441999
default8,Serial,34,24787765
baseline8,Z,34,33574355
baseline8,G1,34,27415315
legacy12,Z,34,31212467
default8,G1,34,28148631
legacy12,G1,34,29510943
baseline8,Serial,34,28198540
four4,Z,34,30779421
four4,G1,35,27349467
default8,Serial,35,25834404
legacy12,Z,35,32960436
legacy12,G1,35,28030136
default8,G1,35,28718385
four4,Z,35,29530042
baseline8,Serial,35,31436279
baseline8,G1,35,29614016
default8,Z,35,32685814
legacy12,Serial,35,26378720
baseline8,Z,35,32563753
four4,Serial,35,26938183
legacy12,G1,36,27334519
default8,G1,36,30411682
baseline8,G1,36,29629780
legacy12,Z,36,33534476
baseline8,Serial,36,27618981
legacy12,Serial,36,28446272
default8,Z,36,29932883
four4,G1,36,29005590
four4,Z,36,32467426
four4,Serial,36,25309192
baseline8,Z,36,29532775
default8,Serial,36,26652015
legacy12,Z,37,30051398
legacy12,Serial,37,24603507
baseline8,G1,37,27393757
baseline8,Z,37,31878214
default8,Serial,37,25005421
baseline8,Serial,37,28769761
default8,G1,37,27167979
legacy12,G1,37,30543567
four4,G1,37,26158984
default8,Z,37,33514798
four4,Z,37,34514277
four4,Serial,37,27388556
legacy12,Z,38,30595654
legacy12,Serial,38,27884515
baseline8,Serial,38,25745142
baseline8,G1,38,26210686
legacy12,G1,38,27138926
default8,Serial,38,24675197
four4,Serial,38,24928227
baseline8,Z,38,30026692
four4,Z,38,29898978
four4,G1,38,27791842
default8,Z,38,29788504
default8,G1,38,26784647
legacy12,Z,39,31807509
four4,Serial,39,26570469
baseline8,Z,39,33265407
baseline8,G1,39,29377616
legacy12,G1,39,28072348
default8,G1,39,27554811
baseline8,Serial,39,26059437
default8,Z,39,32173370
legacy12,Serial,39,24064313
four4,G1,39,26596583
default8,Serial,39,24781144
four4,Z,39,27739245
legacy12,G1,40,27898510
four4,G1,40,27687598
baseline8,Z,40,30460183
baseline8,G1,40,29397911
legacy12,Serial,40,26142470
default8,G1,40,26530676
baseline8,Serial,40,26216139
default8,Z,40,28398451
four4,Serial,40,27118676
legacy12,Z,40,29947795
default8,Serial,40,27596943
four4,Z,40,30851704
default8,Serial,41,27116583
baseline8,Z,41,30972972
four4,Z,41,30651696
legacy12,Serial,41,28772103
legacy12,Z,41,38382134
default8,G1,41,36685978
four4,G1,41,31622919
legacy12,G1,41,25903876
baseline8,Serial,41,24768036
four4,Serial,41,25107658
baseline8,G1,41,29424819
default8,Z,41,31801648
baseline8,G1,42,31052693
default8,Serial,42,26301615
four4,G1,42,37646420
four4,Z,42,30094055
default8,G1,42,25555450
baseline8,Z,42,30893419
four4,Serial,42,25483559
legacy12,G1,42,25838681
baseline8,Serial,42,24910666
default8,Z,42,30767236
legacy12,Z,42,31543866
legacy12,Serial,42,27544146
legacy12,Serial,43,27246434
legacy12,Z,43,33336474
default8,Z,43,31544206
four4,Serial,43,26076096
baseline8,Serial,43,26856773
default8,G1,43,28090934
four4,G1,43,28582718
default8,Serial,43,25191702
four4,Z,43,31039403
legacy12,G1,43,26403607
baseline8,G1,43,28120303
baseline8,Z,43,33276802
baseline8,G1,44,28798266
baseline8,Serial,44,25199705
legacy12,Serial,44,27548717
baseline8,Z,44,31933712
four4,Z,44,36568930
four4,Serial,44,31646082
default8,G1,44,35970860
legacy12,G1,44,29455815
legacy12,Z,44,32440042
four4,G1,44,29788262
default8,Serial,44,25707611
default8,Z,44,33231054
four4,Serial,45,31314708
baseline8,G1,45,30895225
default8,Z,45,33052003
legacy12,G1,45,29112267
four4,G1,45,27870944
baseline8,Serial,45,26918388
legacy12,Serial,45,26158785
default8,G1,45,26144311
four4,Z,45,31335949
baseline8,Z,45,34580162
legacy12,Z,45,30232795
default8,Serial,45,24936154
legacy12,Serial,46,25028666
default8,Z,46,31462606
four4,Serial,46,23797034
baseline8,Z,46,28914033
four4,Z,46,30234989
legacy12,G1,46,30965760
default8,G1,46,27508923
baseline8,G1,46,27584680
legacy12,Z,46,30051126
default8,Serial,46,25717227
baseline8,Serial,46,25736713
four4,G1,46,29614544
default8,G1,47,28053259
baseline8,G1,47,28493865
legacy12,G1,47,29713957
baseline8,Serial,47,28992284
legacy12,Serial,47,30198344
baseline8,Z,47,31932175
default8,Serial,47,26036104
default8,Z,47,29590421
four4,Serial,47,27877039
legacy12,Z,47,29564357
four4,G1,47,27430068
four4,Z,47,32163014
legacy12,Serial,48,24304481
four4,Z,48,27924380
default8,Serial,48,27183658
default8,G1,48,27813830
legacy12,G1,48,27387766
baseline8,Z,48,33157195
baseline8,Serial,48,27633433
baseline8,G1,48,33841299
four4,Serial,48,26489054
legacy12,Z,48,29305178
default8,Z,48,30933664
four4,G1,48,27290911
baseline8,Serial,49,25796029
legacy12,G1,49,27874736
legacy12,Serial,49,26434844
baseline8,G1,49,30647620
four4,G1,49,27286444
four4,Serial,49,26407123
baseline8,Z,49,32304624
legacy12,Z,49,32816056
default8,Z,49,35286893
four4,Z,49,35253810
default8,Serial,49,25460671
default8,G1,49,27290070
