operation,pattern_or_bytes,pair,revision,ns_per_call
compile,error[0-9]+,0,before,97138.662
compile,error[0-9]+,0,after,26802.816
compile,error[0-9]+,1,after,27388.158
compile,error[0-9]+,1,before,86283.930
compile,error[0-9]+,2,before,82571.640
compile,error[0-9]+,2,after,25701.712
compile,error[0-9]+,3,after,29862.714
compile,error[0-9]+,3,before,109747.126
compile,error[0-9]+,4,before,78810.626
compile,error[0-9]+,4,after,26156.940
compile,error[0-9]+,5,after,32161.164
compile,error[0-9]+,5,before,80314.532
compile,error[0-9]+,6,before,76385.072
compile,error[0-9]+,6,after,37608.108
compile,error[0-9]+,7,after,35952.496
compile,error[0-9]+,7,before,97825.342
compile,error[0-9]+,8,before,88896.084
compile,error[0-9]+,8,after,32937.538
compile,error[0-9]+,9,after,25428.106
compile,error[0-9]+,9,before,75088.076
compile,error[0-9]+,10,before,87640.014
compile,error[0-9]+,10,after,27296.156
compile,error[0-9]+,11,after,23971.038
compile,error[0-9]+,11,before,78175.840
compile,(?:error|warn)[0-9]+,0,before,186253.150
compile,(?:error|warn)[0-9]+,0,after,72240.498
compile,(?:error|warn)[0-9]+,1,after,69245.080
compile,(?:error|warn)[0-9]+,1,before,237442.452
compile,(?:error|warn)[0-9]+,2,before,209714.822
compile,(?:error|warn)[0-9]+,2,after,78274.524
compile,(?:error|warn)[0-9]+,3,after,93325.144
compile,(?:error|warn)[0-9]+,3,before,273874.908
compile,(?:error|warn)[0-9]+,4,before,244125.680
compile,(?:error|warn)[0-9]+,4,after,75890.644
compile,(?:error|warn)[0-9]+,5,after,83649.370
compile,(?:error|warn)[0-9]+,5,before,227917.898
compile,(?:error|warn)[0-9]+,6,before,222233.142
compile,(?:error|warn)[0-9]+,6,after,72602.610
compile,(?:error|warn)[0-9]+,7,after,80567.178
compile,(?:error|warn)[0-9]+,7,before,223982.320
compile,(?:error|warn)[0-9]+,8,before,201890.206
compile,(?:error|warn)[0-9]+,8,after,72904.844
compile,(?:error|warn)[0-9]+,9,after,84496.996
compile,(?:error|warn)[0-9]+,9,before,194694.138
compile,(?:error|warn)[0-9]+,10,before,194490.338
compile,(?:error|warn)[0-9]+,10,after,67893.378
compile,(?:error|warn)[0-9]+,11,after,69286.720
compile,(?:error|warn)[0-9]+,11,before,222128.416
compile,[0-9]{3}-[0-9]{2}-[0-9]{4},0,before,395808.092
compile,[0-9]{3}-[0-9]{2}-[0-9]{4},0,after,105874.028
compile,[0-9]{3}-[0-9]{2}-[0-9]{4},1,after,136906.578
compile,[0-9]{3}-[0-9]{2}-[0-9]{4},1,before,430650.668
compile,[0-9]{3}-[0-9]{2}-[0-9]{4},2,before,383492.922
compile,[0-9]{3}-[0-9]{2}-[0-9]{4},2,after,121288.978
compile,[0-9]{3}-[0-9]{2}-[0-9]{4},3,after,83566.612
compile,[0-9]{3}-[0-9]{2}-[0-9]{4},3,before,404359.042
compile,[0-9]{3}-[0-9]{2}-[0-9]{4},4,before,380312.530
compile,[0-9]{3}-[0-9]{2}-[0-9]{4},4,after,93730.330
compile,[0-9]{3}-[0-9]{2}-[0-9]{4},5,after,94642.800
compile,[0-9]{3}-[0-9]{2}-[0-9]{4},5,before,478804.526
compile,[0-9]{3}-[0-9]{2}-[0-9]{4},6,before,393860.768
compile,[0-9]{3}-[0-9]{2}-[0-9]{4},6,after,123824.584
compile,[0-9]{3}-[0-9]{2}-[0-9]{4},7,after,119099.884
compile,[0-9]{3}-[0-9]{2}-[0-9]{4},7,before,401863.984
compile,[0-9]{3}-[0-9]{2}-[0-9]{4},8,before,381934.766
compile,[0-9]{3}-[0-9]{2}-[0-9]{4},8,after,97504.582
compile,[0-9]{3}-[0-9]{2}-[0-9]{4},9,after,93284.152
compile,[0-9]{3}-[0-9]{2}-[0-9]{4},9,before,399972.814
compile,[0-9]{3}-[0-9]{2}-[0-9]{4},10,before,415673.326
compile,[0-9]{3}-[0-9]{2}-[0-9]{4},10,after,100778.370
compile,[0-9]{3}-[0-9]{2}-[0-9]{4},11,after,100485.924
compile,[0-9]{3}-[0-9]{2}-[0-9]{4},11,before,410281.810
compile,a.*b,0,before,56187.322
compile,a.*b,0,after,12320.592
compile,a.*b,1,after,12551.896
compile,a.*b,1,before,41214.780
compile,a.*b,2,before,53807.004
compile,a.*b,2,after,16686.656
compile,a.*b,3,after,13608.620
compile,a.*b,3,before,41682.126
compile,a.*b,4,before,39549.038
compile,a.*b,4,after,11949.748
compile,a.*b,5,after,13156.280
compile,a.*b,5,before,40410.584
compile,a.*b,6,before,42042.238
compile,a.*b,6,after,13788.224
compile,a.*b,7,after,20170.816
compile,a.*b,7,before,40173.156
compile,a.*b,8,before,41222.588
compile,a.*b,8,after,16603.528
compile,a.*b,9,after,13958.854
compile,a.*b,9,before,43567.140
compile,a.*b,10,before,51805.750
compile,a.*b,10,after,13712.476
compile,a.*b,11,after,16280.058
compile,a.*b,11,before,40844.850
search,4096,0,before,197.913
search,4096,0,after,184.203
search,4096,1,after,191.096
search,4096,1,before,141.011
search,4096,2,before,145.655
search,4096,2,after,185.845
search,4096,3,after,164.681
search,4096,3,before,167.918
search,4096,4,before,210.505
search,4096,4,after,138.981
search,4096,5,after,149.322
search,4096,5,before,179.479
search,4096,6,before,212.823
search,4096,6,after,166.214
search,4096,7,after,178.090
search,4096,7,before,140.277
search,4096,8,before,142.226
search,4096,8,after,160.629
search,4096,9,after,153.538
search,4096,9,before,167.420
search,4096,10,before,168.006
search,4096,10,after,164.358
search,4096,11,after,148.151
search,4096,11,before,163.526
search,32768,0,before,1248.612
search,32768,0,after,1131.520
search,32768,1,after,1214.564
search,32768,1,before,2503.126
search,32768,2,before,1533.959
search,32768,2,after,1460.878
search,32768,3,after,1360.504
search,32768,3,before,1417.615
search,32768,4,before,1411.640
search,32768,4,after,1249.219
search,32768,5,after,1257.936
search,32768,5,before,1252.488
search,32768,6,before,1215.367
search,32768,6,after,1148.873
search,32768,7,after,1428.300
search,32768,7,before,1343.169
search,32768,8,before,1402.519
search,32768,8,after,1205.696
search,32768,9,after,1375.743
search,32768,9,before,1211.488
search,32768,10,before,1408.137
search,32768,10,after,1432.288
search,32768,11,after,1674.971
search,32768,11,before,1913.431
