flavor,layout,test,status,total_time
release,default4,gc/arguments/TestUseCompressedOopsErgo.java#id0,Passed. Execution successful,3220
release,default4,gc/arguments/TestUseCompressedOopsErgo.java#id1,Passed. Execution successful,3179
release,default4,gc/arguments/TestUseCompressedOopsErgo.java#id2,Passed. Execution successful,3260
release,default4,gc/arguments/TestUseCompressedOopsErgo.java#id3,Passed. Execution successful,3342
release,default4,runtime/cds/appcds/aotCache/SpecialCacheNames.java,Passed. Execution successful,5397
release,eight8,gc/arguments/TestUseCompressedOopsErgo.java#id0,Passed. Execution successful,3364
release,eight8,gc/arguments/TestUseCompressedOopsErgo.java#id1,Passed. Execution successful,3153
release,eight8,gc/arguments/TestUseCompressedOopsErgo.java#id2,Passed. Execution successful,3457
release,eight8,gc/arguments/TestUseCompressedOopsErgo.java#id3,Passed. Execution successful,3427
release,eight8,runtime/cds/appcds/aotCache/SpecialCacheNames.java,Passed. Execution successful,5595
release,legacy12,gc/arguments/TestUseCompressedOopsErgo.java#id0,Passed. Execution successful,3207
release,legacy12,gc/arguments/TestUseCompressedOopsErgo.java#id1,Passed. Execution successful,3270
release,legacy12,gc/arguments/TestUseCompressedOopsErgo.java#id2,Passed. Execution successful,3395
release,legacy12,gc/arguments/TestUseCompressedOopsErgo.java#id3,Passed. Execution successful,3231
release,legacy12,runtime/cds/appcds/aotCache/SpecialCacheNames.java,Passed. Execution successful,5307
fastdebug,default4,gc/arguments/TestUseCompressedOopsErgo.java#id0,Passed. Execution successful,11582
fastdebug,default4,gc/arguments/TestUseCompressedOopsErgo.java#id1,Passed. Execution successful,11800
fastdebug,default4,gc/arguments/TestUseCompressedOopsErgo.java#id2,Passed. Execution successful,11574
fastdebug,default4,gc/arguments/TestUseCompressedOopsErgo.java#id3,Passed. Execution successful,11518
fastdebug,default4,runtime/cds/appcds/aotCache/SpecialCacheNames.java,Passed. Execution successful,14272
fastdebug,eight8,gc/arguments/TestUseCompressedOopsErgo.java#id0,Passed. Execution successful,11859
fastdebug,eight8,gc/arguments/TestUseCompressedOopsErgo.java#id1,Passed. Execution successful,11879
fastdebug,eight8,gc/arguments/TestUseCompressedOopsErgo.java#id2,Passed. Execution successful,12462
fastdebug,eight8,gc/arguments/TestUseCompressedOopsErgo.java#id3,Passed. Execution successful,12010
fastdebug,eight8,runtime/cds/appcds/aotCache/SpecialCacheNames.java,Passed. Execution successful,15598
fastdebug,legacy12,gc/arguments/TestUseCompressedOopsErgo.java#id0,Passed. Execution successful,11916
fastdebug,legacy12,gc/arguments/TestUseCompressedOopsErgo.java#id1,Passed. Execution successful,12109
fastdebug,legacy12,gc/arguments/TestUseCompressedOopsErgo.java#id2,Passed. Execution successful,9814
fastdebug,legacy12,gc/arguments/TestUseCompressedOopsErgo.java#id3,Passed. Execution successful,12375
fastdebug,legacy12,runtime/cds/appcds/aotCache/SpecialCacheNames.java,Passed. Execution successful,14941
