flavor,suite,test,status,total_time
release,jdk,java/lang/String/CompactString/MaxSizeUTF16String.java,Passed. Execution successful,40815
release,jdk,jdk/jfr/event/oldobject/TestDFSWithSmallStack.java#bfsdfs,Passed. Execution successful,2851
release,jdk,jdk/jfr/event/oldobject/TestDFSWithSmallStack.java#dfsonly,Passed. Execution successful,2305
release,jdk,tools/jlink/plugins/CDSPluginTest.java,Passed. Execution successful,10639
release,hotspot,runtime/cds/appcds/dynamicArchive/TestAutoCreateSharedArchiveNoDefaultArchive.java,Passed. Execution successful,2902
release,jfr,jdk/jfr/event/oldobject/TestArrayInformation.java,Passed. Execution successful,1373
release,jfr,jdk/jfr/event/oldobject/TestCircularReference.java,Passed. Execution successful,1285
release,jfr,jdk/jfr/event/oldobject/TestFieldInformation.java,Passed. Execution successful,1310
release,jfr,jdk/jfr/event/oldobject/TestG1.java,Passed. Execution successful,1265
release,jfr,jdk/jfr/event/oldobject/TestHeapDeep.java,Passed. Execution successful,1212
release,jfr,jdk/jfr/event/oldobject/TestHeapShallow.java,Passed. Execution successful,1146
release,jfr,jdk/jfr/event/oldobject/TestObjectSize.java,Passed. Execution successful,1410
release,jfr,jdk/jfr/event/oldobject/TestReferenceChainLimit.java,Passed. Execution successful,1365
release,jfr,jdk/jfr/event/oldobject/TestSanityDefault.java,Passed. Execution successful,1502
release,jfr,jdk/jfr/event/oldobject/TestSerial.java,Passed. Execution successful,1282
fastdebug,jdk,java/lang/String/CompactString/MaxSizeUTF16String.java,Passed. Execution successful,116129
fastdebug,jdk,jdk/jfr/event/oldobject/TestDFSWithSmallStack.java#bfsdfs,Passed. Execution successful,13567
fastdebug,jdk,jdk/jfr/event/oldobject/TestDFSWithSmallStack.java#dfsonly,Passed. Execution successful,11196
fastdebug,jdk,tools/jlink/plugins/CDSPluginTest.java,Passed. Execution successful,33013
fastdebug,hotspot,runtime/cds/appcds/dynamicArchive/TestAutoCreateSharedArchiveNoDefaultArchive.java,Passed. Execution successful,9633
fastdebug,jfr,jdk/jfr/event/oldobject/TestArrayInformation.java,Passed. Execution successful,4768
fastdebug,jfr,jdk/jfr/event/oldobject/TestCircularReference.java,Passed. Execution successful,4338
fastdebug,jfr,jdk/jfr/event/oldobject/TestFieldInformation.java,Passed. Execution successful,5358
fastdebug,jfr,jdk/jfr/event/oldobject/TestG1.java,Passed. Execution successful,5134
fastdebug,jfr,jdk/jfr/event/oldobject/TestHeapDeep.java,Passed. Execution successful,4695
fastdebug,jfr,jdk/jfr/event/oldobject/TestHeapShallow.java,Passed. Execution successful,4442
fastdebug,jfr,jdk/jfr/event/oldobject/TestObjectSize.java,Passed. Execution successful,5265
fastdebug,jfr,jdk/jfr/event/oldobject/TestReferenceChainLimit.java,Passed. Execution successful,4487
fastdebug,jfr,jdk/jfr/event/oldobject/TestSanityDefault.java,Passed. Execution successful,4524
fastdebug,jfr,jdk/jfr/event/oldobject/TestSerial.java,Passed. Execution successful,4517
