workload,metric,unit,forks,baseline8,default4,change_percent,change_95ci_low,change_95ci_high,better
db-shootout,duration,ms,12,4434.446700802083,4535.913255666666,2.5880509385054706,-3.969639043734563,9.593550316388132,lower
db-shootout,post-GC heap,MiB,3,83.50837707519531,45.92427317301432,-41.15029114624211,-81.9336421631665,91.69819747017036,lower
db-shootout,post-GC RSS,MiB,3,1097.8958333333333,1085.4583333333333,-1.132557985683369,-3.4745296800956726,1.2662363421670486,lower
Spring Petclinic,throughput,requests/s,6,161.840072457753,159.2851159155988,-1.622187415127685,-5.564711567935355,2.4849308947323623,higher
Spring Petclinic,p50 latency,ms,6,8.577627666666666,8.6710515,1.1187582732166357,-2.874357818280937,5.2760429175495505,lower
Spring Petclinic,p95 latency,ms,6,178.405717,179.840733,0.7765515458718841,-2.8428447415009384,4.530781232289693,lower
Spring Petclinic,p99 latency,ms,6,216.88560666666666,219.16424983333334,1.03480253042596,-2.6246577442453956,4.83178888913125,lower
Spring Petclinic,post-GC heap,MiB,6,40.18931452433268,35.702309926350914,-11.164694487211102,-11.312291721698564,-11.016851616163038,lower
Spring Petclinic,RSS after load,MiB,6,719.61328125,705.2727864583334,-1.9475219680267553,-5.547553464134047,1.7897238327205356,lower
Spring Petclinic,post-GC RSS,MiB,6,723.3736979166666,708.4921875,-2.0132196272704572,-5.576319740182578,1.6843349188908174,lower
Spring Petclinic,ready startup,seconds,6,6.137438904833592,6.1666610988322645,0.4833885065228083,-7.859582242387397,9.581784101674518,lower
Spring Petclinic,busy heap,MiB,6,204.5942908393012,195.82741737365723,-4.379637248720137,-16.89218253071749,10.01677159992549,lower
