64	1	original	72	111126	15.508	-253106221.777243316
64	1	patched	64	111126	18.270	-253106221.777243316
64	2	patched	64	111126	15.759	-253106221.777243316
64	2	original	72	111126	18.748	-253106221.777243316
64	3	original	72	111126	15.559	-253106221.777243316
64	3	patched	64	111126	15.994	-253106221.777243316
64	4	patched	64	111126	15.847	-253106221.777243316
64	4	original	72	111126	15.263	-253106221.777243316
64	5	original	72	111126	15.273	-253106221.777243316
64	5	patched	64	111126	15.620	-253106221.777243316
64	6	patched	64	111126	15.417	-253106221.777243316
64	6	original	72	111126	15.854	-253106221.777243316
64	7	original	72	111126	15.256	-253106221.777243316
64	7	patched	64	111126	15.503	-253106221.777243316
32	1	original	72	111126	15.341	-253106221.752166748
32	1	patched	64	111126	15.215	-253106221.752166748
32	2	patched	64	111126	15.797	-253106221.752166748
32	2	original	72	111126	15.164	-253106221.752166748
32	3	original	72	111126	15.600	-253106221.752166748
32	3	patched	64	111126	15.429	-253106221.752166748
32	4	patched	64	111126	15.251	-253106221.752166748
32	4	original	72	111126	15.324	-253106221.752166748
32	5	original	72	111126	15.366	-253106221.752166748
32	5	patched	64	111126	15.314	-253106221.752166748
32	6	patched	64	111126	15.295	-253106221.752166748
32	6	original	72	111126	15.656	-253106221.752166748
32	7	original	72	111126	15.438	-253106221.752166748
32	7	patched	64	111126	15.394	-253106221.752166748
